,First_ans_time,First_acc_ans_time,Answers,Q_id,Q_create_time,View_count,Answer_count,Comment_count,Score,Accepted_Answer_id,Duration_ans,Duration_acc_ans
0,2018-12-03 11:07:23,2018-12-03 11:07:23,"[(53592537, '2018-12-03 11:07:23')]",53588623,2018-12-03 06:35:18,5508,1,0,2,53592537.0,4.534722222222222,4.534722222222222
1,2019-04-19 14:04:51,2019-04-19 14:04:51,"[(55763110, '2019-04-19 14:04:51')]",55762581,2019-04-19 13:24:59,4454,1,0,2,55763110.0,0.6644444444444444,0.6644444444444444
2,,,[],63658604,2020-08-30 14:42:21,23,0,1,0,,,
3,2020-07-01 13:53:06,2020-07-01 13:53:06,"[(62680230, '2020-07-01 15:29:24'), (62678431, '2020-07-01 13:53:06')]",62677285,2020-07-01 12:52:23,108,2,0,0,62678431.0,1.0119444444444445,1.0119444444444445
4,2017-10-04 13:11:59,,"[(52350192, '2018-09-16 01:22:05'), (46565802, '2017-10-04 13:11:59'), (49472197, '2018-03-25 03:15:47')]",46509039,2017-10-01 03:50:18,4559,3,2,3,,81.36138888888888,
5,2019-02-16 18:40:22,,"[(54726401, '2019-02-16 18:40:22')]",54722814,2019-02-16 11:58:25,404,1,13,1,,6.699166666666667,
6,,,[],64618164,2020-10-31 03:39:09,42,0,2,0,,,
7,,,[],62379726,2020-06-15 00:33:23,225,0,2,0,,,
8,2020-05-12 08:49:50,2020-05-12 08:49:50,"[(61747498, '2020-05-12 08:49:50')]",61708729,2020-05-10 07:44:44,463,1,0,0,61747498.0,49.085,49.085
9,2019-12-16 23:26:45,,"[(59365634, '2019-12-16 23:26:45')]",53578605,2018-12-02 08:22:14,485,1,2,4,,9111.075277777778,
10,,,[],55060705,2019-03-08 09:55:57,221,0,0,2,,,
11,2018-12-24 18:10:52,2018-12-24 18:10:52,"[(53916567, '2018-12-24 18:10:52')]",53916510,2018-12-24 18:04:07,497,1,0,1,53916567.0,0.1125,0.1125
12,2020-03-02 09:19:44,2020-03-29 03:26:04,"[(60909819, '2020-03-29 03:26:04'), (60485719, '2020-03-02 09:19:44')]",60478862,2020-03-01 19:19:38,1085,2,0,1,60909819.0,14.001666666666667,656.1072222222223
13,,,[],58879512,2019-11-15 14:53:20,265,0,4,0,,,
14,,,[],62317756,2020-06-11 05:36:29,23,0,1,0,,,
15,,,[],60302123,2020-02-19 14:03:36,217,0,3,0,,,
16,2019-05-22 07:36:06,2019-05-22 07:36:06,"[(56251599, '2019-05-22 07:36:06')]",56251267,2019-05-22 07:16:23,3044,1,0,7,56251599.0,0.32861111111111113,0.32861111111111113
17,2018-10-16 23:23:34,2018-10-16 23:23:34,"[(52845257, '2018-10-16 23:23:34')]",52782864,2018-10-12 15:40:18,1665,1,1,0,52845257.0,103.72111111111111,103.72111111111111
18,2019-11-04 12:49:22,2019-11-04 12:49:22,"[(58693807, '2019-11-04 12:49:22')]",58688056,2019-11-04 06:10:37,630,1,0,0,58693807.0,6.645833333333333,6.645833333333333
19,2017-12-06 18:00:59,,"[(47680685, '2017-12-06 18:00:59')]",47594358,2017-12-01 13:20:26,8630,1,0,3,,124.67583333333333,
20,,,[],59209055,2019-12-06 07:55:34,40,0,0,0,,,
21,,,[],64914598,2020-11-19 15:17:27,957,0,2,1,,,
22,,,[],62466506,2020-06-19 08:41:04,495,0,1,0,,,
23,,,[],61289559,2020-04-18 13:03:40,31,0,4,0,,,
24,2020-06-16 07:59:12,2020-06-16 07:59:12,"[(62403717, '2020-06-16 07:59:12')]",62400718,2020-06-16 04:01:47,28,1,0,0,62403717.0,3.9569444444444444,3.9569444444444444
25,2020-06-09 14:43:41,,"[(62285265, '2020-06-09 14:43:41')]",61569612,2020-05-03 04:24:46,388,1,0,0,,898.3152777777777,
26,,,[],61501555,2020-04-29 12:13:46,48,0,0,0,,,
27,2019-11-05 10:53:28,2019-11-05 10:53:28,"[(58709822, '2019-11-05 10:53:28')]",58709494,2019-11-05 10:35:18,467,1,4,-1,58709822.0,0.30277777777777776,0.30277777777777776
28,2020-11-10 06:51:57,,"[(64764132, '2020-11-10 06:51:57')]",64670476,2020-11-03 20:52:06,61,1,12,-1,,153.9975,
29,2020-05-03 14:47:18,,"[(61576400, '2020-05-03 14:47:18')]",59684472,2020-01-10 15:20:22,290,1,1,0,,2735.448888888889,
30,2017-04-27 23:17:21,,"[(43669406, '2017-04-27 23:17:21')]",43662364,2017-04-27 15:45:38,897,1,0,0,,7.528611111111111,
31,,,[],60045550,2020-02-03 19:01:36,229,0,0,0,,,
32,2018-06-05 23:53:46,2018-06-05 23:53:46,"[(50710466, '2018-06-05 23:53:46'), (59842060, '2020-01-21 13:17:36')]",50663803,2018-06-03 06:22:30,551,2,0,1,50710466.0,65.52111111111111,65.52111111111111
33,,,[],57948024,2019-09-15 20:38:42,211,0,3,0,,,
34,2020-01-31 19:42:54,2020-01-31 19:42:54,"[(60010284, '2020-01-31 19:42:54')]",60009868,2020-01-31 19:05:49,50,1,0,0,60010284.0,0.6180555555555556,0.6180555555555556
35,2020-11-28 18:08:30,2020-11-28 18:08:30,"[(65052927, '2020-11-28 18:08:30')]",65023526,2020-11-26 14:01:21,52,1,6,-1,65052927.0,52.119166666666665,52.119166666666665
36,,,[],60095102,2020-02-06 12:31:10,330,0,1,0,,,
37,2019-07-05 11:13:33,,"[(56901974, '2019-07-05 11:13:33')]",56861681,2019-07-03 01:07:22,215,1,2,0,,58.10305555555556,
38,2020-10-29 20:10:47,2020-10-29 20:10:47,"[(64598561, '2020-10-29 20:10:47')]",64589649,2020-10-29 10:52:18,37,1,7,0,64598561.0,9.308055555555555,9.308055555555555
39,2020-04-03 20:03:38,2020-04-03 20:03:38,"[(61019599, '2020-04-03 20:03:38')]",61019485,2020-04-03 19:54:41,379,1,0,0,61019599.0,0.14916666666666667,0.14916666666666667
40,2020-10-16 14:02:13,,"[(64390722, '2020-10-16 14:02:13')]",64335975,2020-10-13 13:09:43,55,1,3,0,,72.875,
41,2019-07-08 07:41:22,2019-07-08 07:41:22,"[(56930366, '2019-07-08 07:41:22')]",56926882,2019-07-07 23:28:56,274,1,2,-1,56930366.0,8.207222222222223,8.207222222222223
42,,,[],59485640,2019-12-26 08:11:09,68,0,4,0,,,
43,,,[],59581762,2020-01-03 16:11:00,131,0,0,1,,,
44,2020-03-22 07:27:43,2020-03-22 07:27:43,"[(60796897, '2020-03-22 07:27:43')]",60796555,2020-03-22 06:29:28,176,1,0,2,60796897.0,0.9708333333333333,0.9708333333333333
45,2020-06-10 14:12:36,,"[(62305732, '2020-06-10 14:12:36')]",60257756,2020-02-17 07:32:02,332,1,2,1,,2742.676111111111,
46,2020-10-16 14:12:53,,"[(64390863, '2020-10-16 14:12:53'), (64484546, '2020-10-22 14:34:28')]",64356499,2020-10-14 15:19:26,52,2,0,2,,46.89083333333333,
47,,,[],61884137,2020-05-19 05:53:38,56,0,0,0,,,
48,,,[],53097477,2018-11-01 08:20:27,434,0,2,0,,,
49,2018-12-10 17:34:55,2018-12-10 17:34:55,"[(53710777, '2018-12-10 17:34:55')]",53710313,2018-12-10 17:01:26,1396,1,4,0,53710777.0,0.5580555555555555,0.5580555555555555
50,2018-07-13 18:05:41,2018-07-13 19:18:16,"[(51331557, '2018-07-13 19:18:16'), (51330659, '2018-07-13 18:05:41')]",51329159,2018-07-13 16:13:59,16132,2,0,10,51331557.0,1.8616666666666666,3.071388888888889
51,,,[],55895696,2019-04-29 00:24:11,587,0,0,3,,,
52,,,[],62084654,2020-05-29 11:15:00,27,0,0,0,,,
53,2020-10-15 05:30:49,2020-10-15 05:31:46,"[(64365402, '2020-10-15 05:31:46'), (64365390, '2020-10-15 05:30:49')]",64365215,2020-10-15 05:10:22,46,2,3,0,64365402.0,0.3408333333333333,0.3566666666666667
54,,,[],63587198,2020-08-25 21:13:24,142,0,0,1,,,
55,2020-05-19 22:58:02,2020-05-19 23:26:53,"[(61902478, '2020-05-19 23:26:53'), (62550189, '2020-06-24 07:47:32'), (61902197, '2020-05-19 22:58:02')]",61900138,2020-05-19 20:25:07,2490,3,0,0,61902478.0,2.548611111111111,3.0294444444444446
56,,,[],64814104,2020-11-13 01:15:05,41,0,2,0,,,
57,2020-06-06 21:50:45,2020-06-06 21:50:45,"[(62238454, '2020-06-06 21:50:45')]",62237372,2020-06-06 20:03:09,126,1,0,0,62238454.0,1.7933333333333332,1.7933333333333332
58,,,[],62585158,2020-06-25 22:15:37,33,0,0,0,,,
59,,,[],59932666,2020-01-27 14:00:45,100,0,1,0,,,
60,2020-03-10 11:07:48,,"[(60616378, '2020-03-10 11:07:48')]",60615115,2020-03-10 09:52:24,192,1,1,0,,1.2566666666666666,
61,2019-11-23 13:26:52,2019-11-23 13:26:52,"[(59008155, '2019-11-23 13:26:52')]",59008098,2019-11-23 13:21:18,47,1,0,1,59008155.0,0.09277777777777778,0.09277777777777778
62,2020-01-07 08:03:46,,"[(59624394, '2020-01-07 08:03:46')]",59613693,2020-01-06 14:18:18,286,1,0,1,,17.75777777777778,
63,2019-12-21 15:52:06,,"[(59437659, '2019-12-21 15:52:06')]",59437658,2019-12-21 15:52:06,57,1,0,-1,,0.0,
64,2020-02-24 12:43:48,2020-02-24 12:43:48,"[(60376220, '2020-02-24 12:43:48')]",60376096,2020-02-24 12:35:43,551,1,0,0,60376220.0,0.13472222222222222,0.13472222222222222
65,,,[],53515719,2018-11-28 09:06:46,1392,0,2,0,,,
66,,,[],50586687,2018-05-29 14:18:49,2983,0,0,5,,,
67,2019-03-25 15:35:21,,"[(55341363, '2019-03-25 15:35:21')]",55341072,2019-03-25 15:19:35,13357,1,2,0,,0.2627777777777778,
68,,,[],63112597,2020-07-27 09:41:21,479,0,1,0,,,
69,2018-02-16 10:12:24,,"[(48824423, '2018-02-16 10:12:24')]",48807989,2018-02-15 13:03:46,2248,1,0,1,,21.14388888888889,
70,2020-05-12 01:19:00,,"[(61742147, '2020-05-12 01:19:00')]",61736959,2020-05-11 18:42:54,1403,1,0,1,,6.601666666666667,
71,,,[],64370953,2020-10-15 11:49:09,36,0,0,0,,,
72,,,[],62554659,2020-06-24 12:06:02,517,0,4,0,,,
73,2020-11-06 05:47:12,,"[(64709476, '2020-11-06 05:47:12')]",59916431,2020-01-26 07:35:57,32,1,0,0,,6838.1875,
74,2020-02-02 11:34:29,2020-02-02 11:34:29,"[(60025664, '2020-02-02 11:34:29')]",60025291,2020-02-02 10:42:41,902,1,4,1,60025664.0,0.8633333333333333,0.8633333333333333
75,2020-04-29 12:24:34,,"[(61501772, '2020-04-29 12:24:34')]",61471370,2020-04-28 01:54:26,1221,1,0,1,,34.50222222222222,
76,2019-04-13 22:44:23,2019-04-13 22:44:23,"[(55670497, '2019-04-13 22:44:23')]",55670244,2019-04-13 22:01:57,57,1,0,1,55670497.0,0.7072222222222222,0.7072222222222222
77,,,[],64857786,2020-11-16 12:09:25,29,0,0,0,,,
78,2018-05-13 16:08:58,,"[(57407341, '2019-08-08 07:29:12'), (50318079, '2018-05-13 16:08:58')]",50285824,2018-05-11 05:52:30,1407,2,1,1,,58.27444444444444,
79,2019-06-24 17:25:53,2019-06-25 07:21:11,"[(63607069, '2020-08-26 23:27:16'), (56741326, '2019-06-24 17:25:53'), (56748776, '2019-06-25 07:21:11')]",56741108,2019-06-24 17:07:55,8618,3,0,6,56748776.0,0.29944444444444446,14.221111111111112
80,2019-07-28 05:02:03,2019-07-28 05:02:03,"[(57238103, '2019-07-28 05:02:03'), (59566009, '2020-01-02 15:38:32')]",57237381,2019-07-28 01:52:51,16365,2,1,13,57238103.0,3.1533333333333333,3.1533333333333333
81,2020-06-30 10:26:10,,"[(62655355, '2020-06-30 10:26:10')]",62644255,2020-06-29 18:12:14,63,1,0,0,,16.232222222222223,
82,2019-11-16 14:01:43,2019-11-16 14:01:43,"[(58891486, '2019-11-16 14:01:43')]",58890684,2019-11-16 12:22:36,971,1,1,2,58891486.0,1.6519444444444444,1.6519444444444444
83,2020-01-23 18:53:08,2020-01-23 18:53:08,"[(59885369, '2020-01-23 18:53:08')]",59884949,2020-01-23 18:25:41,2589,1,2,0,59885369.0,0.4575,0.4575
84,2019-01-06 10:05:38,2019-01-06 10:05:38,"[(54060459, '2019-01-06 10:05:38')]",54059953,2019-01-06 08:45:26,154,1,6,0,54060459.0,1.3366666666666667,1.3366666666666667
85,,,[],64311259,2020-10-12 03:14:25,66,0,0,0,,,
86,,,[],62163109,2020-06-02 23:51:07,51,0,3,0,,,
87,2019-03-12 19:18:22,,"[(55151439, '2019-03-13 21:24:05'), (55129191, '2019-03-12 19:18:22')]",55129148,2019-03-12 19:16:13,107,2,1,1,,0.035833333333333335,
88,,,[],63458498,2020-08-17 20:53:36,87,0,5,0,,,
89,2018-04-24 08:16:23,2018-04-24 08:16:23,"[(49996655, '2018-04-24 08:16:23')]",49993776,2018-04-24 05:03:31,3966,1,0,1,49996655.0,3.2144444444444447,3.2144444444444447
90,2020-11-24 09:52:32,,"[(64984018, '2020-11-24 09:52:32')]",64973770,2020-11-23 18:01:05,57,1,6,0,,15.8575,
91,2019-11-27 06:56:35,,"[(59064650, '2019-11-27 06:56:35'), (62936381, '2020-07-16 13:56:05')]",59063954,2019-11-27 06:02:09,752,2,0,1,,0.9072222222222223,
92,2020-10-30 01:04:08,2020-10-30 01:04:08,"[(64601364, '2020-10-30 01:04:08')]",64601301,2020-10-30 00:53:10,24,1,0,1,64601364.0,0.1827777777777778,0.1827777777777778
93,,,[],62084245,2020-05-29 10:51:42,599,0,4,0,,,
94,2020-11-10 07:52:33,,"[(64764820, '2020-11-10 07:52:33'), (64769084, '2020-11-10 12:37:03')]",61094394,2020-04-08 06:18:10,708,2,0,1,,5185.573055555556,
95,,,[],61640074,2020-05-06 16:17:20,49,0,0,0,,,
96,2018-10-30 04:42:05,,"[(53057552, '2018-10-30 04:42:05')]",53036403,2018-10-28 21:50:26,667,1,2,0,,30.860833333333332,
97,2020-06-18 16:07:09,2020-06-18 16:07:09,"[(62454393, '2020-06-18 16:07:09')]",62453752,2020-06-18 15:35:57,79,1,0,1,62454393.0,0.52,0.52
98,,,[],62380252,2020-06-15 01:56:53,123,0,0,0,,,
99,2020-04-01 00:54:58,,"[(60962091, '2020-04-01 00:54:58'), (60975794, '2020-04-01 16:31:56')]",60961466,2020-03-31 23:29:51,1132,2,3,0,,1.418611111111111,
100,2018-05-01 21:42:23,,"[(64835536, '2020-11-14 15:31:34'), (50124266, '2018-05-01 21:42:23')]",49624501,2018-04-03 07:26:02,2227,2,2,0,,686.2725,
101,2019-06-25 13:18:18,,"[(56755019, '2019-06-25 13:18:18'), (56758399, '2019-06-25 16:28:19')]",56744937,2019-06-24 23:01:38,1095,2,2,-1,,14.277777777777779,
102,2020-02-19 07:04:28,2020-02-19 07:04:28,"[(60294736, '2020-02-19 07:04:28')]",60293600,2020-02-19 05:27:22,113,1,8,0,60294736.0,1.6183333333333334,1.6183333333333334
103,2020-05-09 17:56:34,,"[(61701291, '2020-05-09 17:56:34')]",61701071,2020-05-09 17:39:57,162,1,1,0,,0.27694444444444444,
104,2020-04-05 21:44:25,2020-04-05 21:44:25,"[(61049938, '2020-04-05 21:44:25')]",61049416,2020-04-05 20:58:36,26,1,0,0,61049938.0,0.7636111111111111,0.7636111111111111
105,2019-06-24 14:40:11,,"[(56738943, '2019-06-24 14:40:11'), (63079145, '2020-07-24 18:03:44')]",56360644,2019-05-29 12:27:42,11194,2,0,13,,626.2080555555556,
106,2017-09-29 15:08:42,,"[(46491810, '2017-09-29 15:08:42')]",46474426,2017-09-28 16:49:45,683,1,4,0,,22.315833333333334,
107,,,[],62939056,2020-07-16 16:17:28,114,0,0,1,,,
108,2020-11-25 21:38:58,2020-11-25 21:38:58,"[(65013065, '2020-11-25 21:38:58')]",65012948,2020-11-25 21:29:27,32,1,2,0,65013065.0,0.15861111111111112,0.15861111111111112
109,2020-03-25 11:11:46,2020-03-25 11:11:46,"[(60847630, '2020-03-25 11:11:46')]",60845222,2020-03-25 08:31:56,374,1,2,0,60847630.0,2.6638888888888888,2.6638888888888888
110,,,[],59986205,2020-01-30 12:36:34,1178,0,2,2,,,
111,,,[],62688442,2020-07-02 03:21:21,69,0,0,0,,,
112,2020-11-15 03:17:46,2020-11-15 03:17:46,"[(64840890, '2020-11-15 03:17:46')]",64809589,2020-11-12 18:21:50,79,1,0,1,64840890.0,56.93222222222222,56.93222222222222
113,2018-05-07 02:52:26,,"[(51440629, '2018-07-20 10:34:10'), (50206475, '2018-05-07 02:52:26')]",50073358,2018-04-28 05:54:31,2185,2,5,3,,212.96527777777777,
114,,,[],62850262,2020-07-11 14:14:32,272,0,1,0,,,
115,2018-03-27 21:18:33,,"[(49522566, '2018-03-27 21:18:33')]",49520443,2018-03-27 18:52:50,732,1,3,0,,2.428611111111111,
116,2019-09-23 23:04:07,2019-09-23 23:04:07,"[(58071155, '2019-09-23 23:04:07')]",57988897,2019-09-18 09:00:02,1411,1,0,8,58071155.0,134.06805555555556,134.06805555555556
117,2020-08-28 17:36:09,,"[(63638539, '2020-08-28 17:36:09')]",55488795,2019-04-03 06:50:40,3092,1,9,3,,12322.758055555556,
118,,,[],58896335,2019-11-16 23:58:50,29,0,2,0,,,
119,2020-09-01 01:55:37,2020-09-01 01:55:37,"[(63680292, '2020-09-01 01:55:37')]",63656680,2020-08-30 10:52:56,63,1,4,0,63680292.0,39.04472222222222,39.04472222222222
120,,,[],64770259,2020-11-10 13:53:39,21,0,1,0,,,
121,,,[],64837376,2020-11-14 18:42:22,116,0,4,7,,,
122,,,[],60682593,2020-03-14 12:13:55,53,0,0,0,,,
123,,,[],54300707,2019-01-22 03:07:34,327,0,2,1,,,
124,,,[],62892556,2020-07-14 09:57:38,116,0,0,1,,,
125,,,[],61637213,2020-05-06 14:04:16,100,0,0,0,,,
126,,,[],51533663,2018-07-26 07:51:46,186,0,0,1,,,
127,2020-03-01 22:35:41,2020-03-01 22:35:41,"[(60480429, '2020-03-01 22:35:41')]",60459292,2020-02-28 21:11:27,223,1,1,0,60480429.0,49.403888888888886,49.403888888888886
128,2020-03-31 21:52:44,2020-03-31 21:52:44,"[(60960512, '2020-03-31 21:52:44')]",60958134,2020-03-31 19:11:29,72,1,1,0,60960512.0,2.6875,2.6875
129,2020-05-02 21:18:56,2020-05-02 21:18:56,"[(61566434, '2020-05-02 21:18:56')]",61565293,2020-05-02 19:41:22,27,1,1,0,61566434.0,1.626111111111111,1.626111111111111
130,,,[],60116398,2020-02-07 15:25:09,39,0,2,0,,,
131,,,[],62454219,2020-06-18 15:58:10,27,0,0,0,,,
132,2020-01-24 06:22:55,,"[(59891326, '2020-01-24 06:22:55')]",59800318,2020-01-18 11:50:32,9924,1,2,2,,138.53972222222222,
133,2019-04-02 14:55:34,2019-04-02 14:55:34,"[(55477773, '2019-04-02 14:55:34')]",55476131,2019-04-02 13:33:43,5325,1,0,3,55477773.0,1.3641666666666667,1.3641666666666667
134,2020-01-12 19:53:04,2020-01-12 19:53:04,"[(59707577, '2020-01-12 19:53:04')]",59705922,2020-01-12 16:37:03,3942,1,1,0,59707577.0,3.2669444444444444,3.2669444444444444
135,2019-09-23 09:39:40,2019-09-23 09:39:40,"[(58059613, '2019-09-23 09:39:40')]",58059221,2019-09-23 09:16:14,1333,1,0,-1,58059613.0,0.39055555555555554,0.39055555555555554
136,2017-12-04 16:45:07,2017-12-04 16:45:07,"[(47638058, '2017-12-04 16:45:07')]",47635918,2017-12-04 14:46:51,1974,1,0,0,47638058.0,1.971111111111111,1.971111111111111
137,,,[],63063470,2020-07-23 21:35:53,452,0,2,2,,,
138,2020-02-03 06:05:57,,"[(60033893, '2020-02-03 06:05:57')]",60031174,2020-02-02 22:23:30,67,1,0,1,,7.7075,
139,2019-11-16 11:10:49,,"[(58890075, '2019-11-16 11:10:49')]",52731782,2018-10-10 02:32:56,6033,1,2,1,,9656.631388888889,
140,,,[],62148106,2020-06-02 08:42:40,139,0,0,0,,,
141,2020-04-16 15:14:30,,"[(61253782, '2020-04-16 15:14:30')]",61250268,2020-04-16 12:28:37,468,1,0,0,,2.7647222222222223,
142,2018-07-27 04:51:25,2018-07-27 04:51:25,"[(51550949, '2018-07-27 04:51:25')]",51531007,2018-07-26 04:27:59,169,1,0,7,51550949.0,24.390555555555554,24.390555555555554
143,2020-11-29 22:56:17,2020-11-29 22:56:17,"[(65066107, '2020-11-29 22:56:17')]",65066059,2020-11-29 22:48:32,43,1,0,1,65066107.0,0.12916666666666668,0.12916666666666668
144,2020-10-28 10:14:43,2020-10-28 10:14:43,"[(64570718, '2020-10-28 10:14:43')]",64554137,2020-10-27 12:07:48,57,1,2,0,64570718.0,22.115277777777777,22.115277777777777
145,,,[],64618079,2020-10-31 03:22:34,87,0,0,0,,,
146,2019-11-29 11:20:00,,"[(59103822, '2019-11-29 11:20:00')]",57192111,2019-07-24 22:37:18,196,1,0,0,,3060.7116666666666,
147,2020-09-24 10:19:04,2020-09-24 10:19:04,"[(64044374, '2020-09-24 10:19:04')]",64044200,2020-09-24 10:08:21,111,1,0,1,64044374.0,0.1786111111111111,0.1786111111111111
148,,,[],58506051,2019-10-22 14:01:34,487,0,2,1,,,
149,,,[],64944278,2020-11-21 14:39:35,66,0,2,0,,,
150,,,[],61863504,2020-05-18 06:20:21,687,0,4,0,,,
151,,,[],55519662,2019-04-04 15:24:34,455,0,1,2,,,
152,2020-05-21 17:56:17,,"[(62168780, '2020-06-03 08:53:48'), (64097921, '2020-09-28 07:44:34'), (61940796, '2020-05-21 17:56:17')]",60682622,2020-03-14 12:17:22,1450,3,1,2,,1637.6486111111112,
153,,,[],60692872,2020-03-15 12:27:36,37,0,0,0,,,
154,2017-10-11 18:06:03,2017-10-11 18:06:03,"[(46694833, '2017-10-11 18:06:03')]",46625967,2017-10-07 23:07:54,255,1,0,1,46694833.0,90.96916666666667,90.96916666666667
155,2018-12-21 09:04:21,2018-12-21 09:04:21,"[(53881868, '2018-12-21 09:04:21'), (54231966, '2019-01-17 08:42:51'), (56585850, '2019-06-13 17:35:19')]",53879727,2018-12-21 05:41:34,11588,3,2,13,53881868.0,3.379722222222222,3.379722222222222
156,,,[],63363235,2020-08-11 17:17:51,503,0,3,0,,,
157,2018-05-05 11:58:25,2018-05-05 11:58:25,"[(50790131, '2018-06-11 03:22:11'), (50189174, '2018-05-05 11:58:25')]",50186348,2018-05-05 06:13:49,1717,2,1,1,50189174.0,5.743333333333333,5.743333333333333
158,2017-03-30 01:00:06,,"[(43106686, '2017-03-30 01:00:06'), (43128647, '2017-03-30 21:25:47')]",43104252,2017-03-29 21:12:52,3868,2,0,5,,3.7872222222222223,
159,,,[],55307561,2019-03-22 20:48:14,115,0,1,2,,,
160,2019-06-02 20:35:03,,"[(56418768, '2019-06-02 20:35:03')]",56418580,2019-06-02 20:06:45,867,1,0,0,,0.4716666666666667,
161,2019-11-28 16:02:30,,"[(59092649, '2019-11-28 16:02:30')]",59092390,2019-11-28 15:47:51,52,1,0,0,,0.24416666666666667,
162,,,[],62574753,2020-06-25 11:56:12,29,0,0,0,,,
163,2018-09-29 09:42:48,,"[(52567101, '2018-09-29 09:42:48')]",52547157,2018-09-28 01:40:08,1049,1,2,0,,32.044444444444444,
164,,,[],55128842,2019-03-12 18:56:58,1067,0,1,1,,,
165,2017-05-05 18:27:54,2017-05-05 18:27:54,"[(43811604, '2017-05-05 18:27:54')]",43781526,2017-05-04 11:24:01,1062,1,3,0,43811604.0,31.064722222222223,31.064722222222223
166,,,[],61597583,2020-05-04 16:58:49,96,0,0,0,,,
167,2020-06-29 14:14:41,2020-06-29 14:14:41,"[(62640078, '2020-06-29 14:14:41')]",62432572,2020-06-17 15:23:40,186,1,0,0,62640078.0,286.85027777777776,286.85027777777776
168,2019-06-25 08:30:59,,"[(56749863, '2019-06-25 08:30:59')]",56649583,2019-06-18 12:50:07,1602,1,0,0,,163.6811111111111,
169,,,[],63155282,2020-07-29 13:55:44,125,0,0,0,,,
170,2019-10-08 00:18:31,2019-10-08 00:18:31,"[(58278647, '2019-10-08 00:18:31')]",58278247,2019-10-07 23:14:33,4654,1,0,2,58278647.0,1.066111111111111,1.066111111111111
171,2019-07-31 06:35:41,2019-09-12 09:34:24,"[(63169931, '2020-07-30 09:13:02'), (64570666, '2020-10-28 10:11:45'), (57284626, '2019-07-31 06:35:41'), (57903798, '2019-09-12 09:34:24'), (62999647, '2020-07-20 16:16:32'), (59320819, '2019-12-13 10:38:58')]",57284345,2019-07-31 06:13:28,4931,6,0,10,57903798.0,0.37027777777777776,1035.348888888889
172,,,[],53781260,2018-12-14 14:04:38,788,0,2,0,,,
173,,,[],64809370,2020-11-12 18:06:59,52,0,0,6,,,
174,2020-07-27 09:00:23,2020-07-27 09:00:23,"[(63111976, '2020-07-27 09:00:23')]",63111030,2020-07-27 07:59:34,550,1,2,0,63111976.0,1.013611111111111,1.013611111111111
175,2020-04-16 21:43:07,2020-04-16 21:43:07,"[(61278998, '2020-04-17 19:13:34'), (61260526, '2020-04-16 21:43:07')]",61128428,2020-04-09 19:03:48,355,2,0,2,61260526.0,170.65527777777777,170.65527777777777
176,2020-06-08 02:08:19,2020-06-08 02:08:19,"[(62253959, '2020-06-08 02:08:19')]",62253755,2020-06-08 01:36:54,226,1,0,0,62253959.0,0.5236111111111111,0.5236111111111111
177,,,[],64703480,2020-11-05 18:43:30,55,0,2,0,,,
178,2020-09-02 15:03:23,,"[(63708303, '2020-09-02 15:03:23')]",63707986,2020-09-02 14:43:58,30,1,0,0,,0.3236111111111111,
179,2018-10-03 05:34:11,,"[(52620282, '2018-10-03 05:34:11'), (54258600, '2019-01-18 17:11:42')]",52615296,2018-10-02 19:41:01,4921,2,6,0,,9.886111111111111,
180,2018-06-12 08:43:40,2018-06-12 08:43:40,"[(63555791, '2020-08-24 06:29:41'), (61668842, '2020-05-07 22:29:06'), (53544723, '2018-11-29 17:40:18'), (50812871, '2018-06-12 08:43:40')]",50812838,2018-06-12 08:42:19,9646,4,0,7,50812871.0,0.0225,0.0225
181,2019-10-27 17:01:07,2019-10-28 01:27:16,"[(58581519, '2019-10-27 17:01:07'), (63393338, '2020-08-13 10:39:52'), (58584804, '2019-10-28 01:27:16')]",58581464,2019-10-27 16:53:27,2723,3,0,3,58584804.0,0.12777777777777777,8.563611111111111
182,,,[],56390705,2019-05-31 07:36:15,933,0,5,2,,,
183,,,[],50541569,2018-05-26 10:06:20,366,0,3,2,,,
184,,,[],60684061,2020-03-14 14:58:28,1516,0,1,0,,,
185,2019-02-18 14:48:53,2019-02-18 14:48:53,"[(54749794, '2019-02-18 14:48:53'), (54749810, '2019-02-18 14:49:29')]",54749244,2019-02-18 14:17:52,641,2,6,2,54749794.0,0.5169444444444444,0.5169444444444444
186,,,[],63813893,2020-09-09 14:33:58,64,0,0,0,,,
187,2019-05-31 22:06:01,2019-05-31 22:06:01,"[(56402192, '2019-05-31 22:06:01')]",56401266,2019-05-31 20:17:39,702,1,0,1,56402192.0,1.806111111111111,1.806111111111111
188,2019-02-26 06:18:46,,"[(54879487, '2019-02-26 06:18:46')]",54878415,2019-02-26 04:22:32,4767,1,0,7,,1.9372222222222222,
189,2019-05-14 15:32:10,2019-05-14 15:32:10,"[(56133998, '2019-05-14 15:32:10')]",56133521,2019-05-14 15:05:49,2173,1,0,1,56133998.0,0.43916666666666665,0.43916666666666665
190,2020-03-04 04:07:04,,"[(60518931, '2020-03-04 04:07:04')]",60513469,2020-03-03 18:28:35,1102,1,0,1,,9.641388888888889,
191,2018-08-20 22:33:20,,"[(51939330, '2018-08-20 22:33:20'), (57230515, '2019-07-27 08:34:47')]",50007085,2018-04-24 16:51:30,7015,2,4,0,,2837.697222222222,
192,2019-08-14 20:01:20,2019-08-14 20:01:20,"[(57501279, '2019-08-14 20:01:20')]",57499867,2019-08-14 18:02:19,457,1,2,0,57501279.0,1.9836111111111112,1.9836111111111112
193,2019-02-17 07:29:50,,"[(54731085, '2019-02-17 07:29:50')]",54695953,2019-02-14 17:25:57,1192,1,1,0,,62.06472222222222,
194,,,[],59748317,2020-01-15 09:22:10,165,0,0,0,,,
195,,,[],64235432,2020-10-07 00:13:12,358,0,1,1,,,
196,,,[],56054164,2019-05-09 07:22:18,1483,0,0,8,,,
197,2020-05-02 19:07:14,,"[(61564886, '2020-05-02 19:07:14')]",61562456,2020-05-02 16:10:39,1667,1,0,1,,2.9430555555555555,
198,2019-04-14 17:11:17,,"[(55677914, '2019-04-14 17:11:17')]",55672391,2019-04-14 06:01:49,1483,1,0,0,,11.157777777777778,
199,2019-08-30 09:39:56,,"[(57724308, '2019-08-30 09:42:57'), (61830834, '2020-05-16 01:39:06'), (57724253, '2019-08-30 09:39:56')]",57724134,2019-08-30 09:32:39,641,3,2,1,,0.1213888888888889,
200,2019-07-28 05:32:58,2019-07-28 05:32:58,"[(57238226, '2019-07-28 05:32:58')]",57236261,2019-07-27 21:38:34,198,1,1,0,57238226.0,7.906666666666666,7.906666666666666
201,2018-06-29 09:10:19,,"[(51098200, '2018-06-29 09:10:19'), (51174036, '2018-07-04 12:45:20'), (51180099, '2018-07-04 19:53:04')]",51097719,2018-06-29 08:45:24,9569,3,0,5,,0.4152777777777778,
202,2020-08-05 22:59:26,2020-08-05 22:59:26,"[(63274656, '2020-08-05 22:59:26')]",63268886,2020-08-05 15:49:39,71,1,0,0,63274656.0,7.163055555555555,7.163055555555555
203,2018-10-25 12:47:06,2018-10-25 12:47:06,"[(52989641, '2018-10-25 12:47:06')]",52969995,2018-10-24 13:15:39,339,1,0,2,52989641.0,23.524166666666666,23.524166666666666
204,2018-12-03 12:32:48,2018-12-03 12:32:48,"[(53593936, '2018-12-03 12:32:48')]",53586245,2018-12-03 01:13:45,1220,1,7,2,53593936.0,11.3175,11.3175
205,,,[],64470080,2020-10-21 19:02:18,77,0,0,0,,,
206,,,[],63682001,2020-09-01 05:44:07,1134,0,8,2,,,
207,2020-03-20 05:45:33,,"[(60769131, '2020-03-20 05:45:33')]",60768583,2020-03-20 04:32:12,1085,1,7,3,,1.2225,
208,,,[],63710488,2020-09-02 17:14:32,25,0,0,0,,,
209,,,[],63582510,2020-08-25 15:44:06,77,0,2,0,,,
210,2019-04-25 16:47:56,2019-04-25 16:47:56,"[(55854136, '2019-04-25 16:47:56')]",55852727,2019-04-25 15:21:48,88,1,1,-1,55854136.0,1.4355555555555555,1.4355555555555555
211,2020-07-29 03:19:51,,"[(63145833, '2020-07-29 03:19:51')]",63145378,2020-07-29 02:16:48,148,1,1,0,,1.0508333333333333,
212,2018-02-28 18:04:23,,"[(49035901, '2018-02-28 18:04:23')]",49033764,2018-02-28 16:03:38,1004,1,0,1,,2.0125,
213,2020-10-09 10:58:07,,"[(64278678, '2020-10-09 10:58:07')]",61509872,2020-04-29 19:15:35,298,1,0,0,,3903.708888888889,
214,2020-07-11 14:28:33,,"[(62850394, '2020-07-11 14:28:33'), (62850414, '2020-07-11 14:29:51')]",62849789,2020-07-11 13:29:05,89,2,4,1,,0.9911111111111112,
215,2020-03-26 12:54:24,2020-03-26 12:54:24,"[(60867753, '2020-03-26 12:54:24')]",60863206,2020-03-26 08:17:00,98,1,0,0,60867753.0,4.623333333333333,4.623333333333333
216,2019-12-03 21:44:57,,"[(59165824, '2019-12-03 21:44:57')]",59079411,2019-11-27 22:42:30,228,1,0,0,,143.04083333333332,
217,2020-05-15 08:02:33,,"[(61828646, '2020-05-15 21:28:47'), (61814533, '2020-05-15 08:02:33')]",61808965,2020-05-14 23:09:58,4180,2,0,1,,8.876388888888888,
218,2020-01-31 12:27:04,2020-01-31 12:27:04,"[(60003912, '2020-01-31 12:27:04')]",59994462,2020-01-30 21:01:57,368,1,0,0,60003912.0,15.418611111111112,15.418611111111112
219,2019-07-18 15:56:29,2019-07-18 15:56:29,"[(57098489, '2019-07-18 15:56:29')]",57095189,2019-07-18 13:05:27,234,1,1,0,57098489.0,2.8505555555555557,2.8505555555555557
220,2019-04-15 17:19:06,2019-04-15 17:19:06,"[(55694324, '2019-04-15 17:19:06'), (57320309, '2019-08-02 05:13:47')]",55694263,2019-04-15 17:14:35,852,2,2,1,55694324.0,0.07527777777777778,0.07527777777777778
221,2020-11-28 08:26:01,,"[(65047753, '2020-11-28 08:26:01')]",64948852,2020-11-21 22:41:46,45,1,1,0,,153.7375,
222,2020-05-29 13:17:04,,"[(62086909, '2020-05-29 13:17:04')]",62068434,2020-05-28 15:25:36,137,1,2,0,,21.857777777777777,
223,2018-01-19 15:19:53,2018-01-19 15:19:53,"[(55742819, '2019-04-18 09:14:24'), (48344268, '2018-01-19 15:19:53')]",48343857,2018-01-19 14:58:43,4880,2,0,4,48344268.0,0.3527777777777778,0.3527777777777778
224,2020-02-27 19:12:36,2020-02-27 19:12:36,"[(60440243, '2020-02-27 19:12:36')]",60438983,2020-02-27 17:43:41,146,1,0,0,60440243.0,1.4819444444444445,1.4819444444444445
225,2017-10-09 11:15:59,,"[(46645148, '2017-10-09 11:15:59')]",43961051,2017-05-14 06:33:38,1392,1,2,0,,3556.7058333333334,
226,,,[],56871429,2019-07-03 13:35:49,134,0,2,0,,,
227,,,[],64722968,2020-11-06 23:39:18,28,0,4,0,,,
228,,,[],60363180,2020-02-23 14:25:57,115,0,0,0,,,
229,2019-11-11 13:02:53,2019-11-11 13:02:53,"[(58801933, '2019-11-11 13:02:53'), (62835836, '2020-07-10 13:54:44')]",58799486,2019-11-11 10:19:48,13920,2,0,9,58801933.0,2.7180555555555554,2.7180555555555554
230,,,[],64052833,2020-09-24 19:05:13,362,0,2,0,,,
231,,,[],58185506,2019-10-01 13:11:15,603,0,2,0,,,
232,2020-04-21 04:20:44,2020-04-21 04:20:44,"[(61335909, '2020-04-21 04:20:44')]",61335217,2020-04-21 02:54:39,407,1,0,2,61335909.0,1.4347222222222222,1.4347222222222222
233,2020-04-03 16:32:01,2020-04-03 16:32:01,"[(61016400, '2020-04-03 16:32:01')]",61014484,2020-04-03 14:47:39,52,1,1,0,61016400.0,1.7394444444444443,1.7394444444444443
234,,,[],55437438,2019-03-31 02:44:55,1473,0,0,0,,,
235,2020-07-24 12:59:59,2020-07-24 12:59:59,"[(63074078, '2020-07-24 12:59:59')]",63072770,2020-07-24 11:37:21,41,1,0,0,63074078.0,1.3772222222222221,1.3772222222222221
236,2018-10-28 15:12:50,2018-10-28 18:55:46,"[(53032985, '2018-10-28 15:12:50'), (53035016, '2018-10-28 18:55:46')]",53032586,2018-10-28 14:30:39,8235,2,0,5,53035016.0,0.7030555555555555,4.418611111111111
237,,,[],57494714,2019-08-14 12:28:30,232,0,0,1,,,
238,2019-07-16 21:26:54,,"[(57065653, '2019-07-16 21:26:54')]",57065070,2019-07-16 20:37:00,7825,1,1,0,,0.8316666666666667,
239,2020-10-13 11:20:06,2020-10-13 11:20:06,"[(64334237, '2020-10-13 11:20:06')]",64334033,2020-10-13 11:06:02,348,1,0,0,64334237.0,0.23444444444444446,0.23444444444444446
240,2020-03-17 13:45:30,2020-03-17 13:45:30,"[(60723675, '2020-03-17 13:45:30')]",60567538,2020-03-06 15:54:03,551,1,0,0,60723675.0,261.8575,261.8575
241,2019-05-28 15:16:17,,"[(56345327, '2019-05-28 15:16:17')]",56327475,2019-05-27 13:56:21,1757,1,4,0,,25.33222222222222,
242,2018-05-29 00:52:17,,"[(63249368, '2020-08-04 14:46:13'), (50574928, '2018-05-29 00:52:17'), (54390600, '2019-01-27 17:00:43')]",50195080,2018-05-06 00:01:27,755,3,0,1,,552.8472222222222,
243,2020-11-04 06:58:17,2020-11-04 06:58:17,"[(64675422, '2020-11-04 06:58:17')]",64605776,2020-10-30 09:32:07,53,1,2,0,64675422.0,117.43611111111112,117.43611111111112
244,2020-08-28 07:35:54,2020-08-28 07:35:54,"[(63629416, '2020-08-28 07:35:54')]",63629212,2020-08-28 07:18:40,79,1,0,0,63629416.0,0.2872222222222222,0.2872222222222222
245,2018-08-09 02:36:19,2018-08-09 02:36:19,"[(51758045, '2018-08-09 02:36:19')]",51756581,2018-08-08 22:35:23,5251,1,0,6,51758045.0,4.015555555555555,4.015555555555555
246,2020-11-28 15:10:20,,"[(65051057, '2020-11-28 15:10:20')]",65051014,2020-11-28 15:06:07,26,1,0,0,,0.07027777777777777,
247,2020-07-21 21:38:33,2020-07-21 21:38:33,"[(63023487, '2020-07-21 21:38:33')]",63022629,2020-07-21 20:31:37,259,1,2,1,63023487.0,1.1155555555555556,1.1155555555555556
248,2018-06-30 17:12:05,2018-06-30 17:12:05,"[(51116966, '2018-06-30 17:12:05')]",51115476,2018-06-30 13:40:36,3646,1,1,1,51116966.0,3.524722222222222,3.524722222222222
249,,,[],52148541,2018-09-03 11:07:44,540,0,12,2,,,
250,2020-08-21 08:08:25,2020-08-21 14:27:09,"[(63524751, '2020-08-21 14:27:09'), (63519002, '2020-08-21 08:08:25')]",63518688,2020-08-21 07:48:03,115,2,0,0,63524751.0,0.33944444444444444,6.651666666666666
251,,,[],56135590,2019-05-14 17:23:19,1536,0,6,1,,,
252,2020-09-05 18:33:42,2020-09-05 18:33:42,"[(63757286, '2020-09-05 18:33:42')]",63756773,2020-09-05 17:36:26,553,1,0,2,63757286.0,0.9544444444444444,0.9544444444444444
253,2020-01-28 08:44:00,2020-01-28 08:44:00,"[(59944927, '2020-01-28 08:44:00')]",59941776,2020-01-28 03:29:38,679,1,0,1,59944927.0,5.239444444444445,5.239444444444445
254,,,[],64272460,2020-10-09 00:41:08,36,0,4,0,,,
255,2020-11-29 16:53:44,,"[(65062665, '2020-11-29 16:53:44')]",62737043,2020-07-05 05:06:28,295,1,3,2,,3539.7877777777776,
256,2020-06-17 17:25:41,2020-06-17 17:25:41,"[(62434868, '2020-06-17 17:25:41')]",62434075,2020-06-17 16:41:46,406,1,0,0,62434868.0,0.7319444444444444,0.7319444444444444
257,2020-08-27 22:20:07,,"[(63624891, '2020-08-27 22:20:07')]",63624390,2020-08-27 21:28:08,105,1,0,0,,0.8663888888888889,
258,2020-09-29 20:03:31,,"[(64126847, '2020-09-29 20:03:31')]",64124757,2020-09-29 17:33:32,167,1,3,-2,,2.499722222222222,
259,2018-10-15 11:22:57,2018-10-15 11:22:57,"[(52815644, '2018-10-15 11:22:57')]",52815264,2018-10-15 11:02:35,6522,1,0,1,52815644.0,0.33944444444444444,0.33944444444444444
260,2019-11-15 13:39:38,2019-11-15 13:39:38,"[(58878253, '2019-11-15 13:39:38')]",58877166,2019-11-15 12:32:06,148,1,6,0,58878253.0,1.1255555555555556,1.1255555555555556
261,2018-05-26 15:46:54,,"[(63536461, '2020-08-22 13:00:49'), (50544478, '2018-05-26 15:46:54')]",50408673,2018-05-18 09:57:13,1054,2,4,6,,197.82805555555555,
262,,,[],64608068,2020-10-30 12:07:27,75,0,3,1,,,
263,2020-10-06 15:06:00,,"[(64228596, '2020-10-06 15:06:00')]",64180517,2020-10-03 03:51:06,130,1,3,0,,83.24833333333333,
264,2020-04-10 19:39:06,2020-04-10 19:39:06,"[(61147508, '2020-04-10 19:39:06')]",61146458,2020-04-10 18:28:46,205,1,0,0,61147508.0,1.1722222222222223,1.1722222222222223
265,2019-04-17 04:49:11,,"[(55720103, '2019-04-17 04:49:11')]",53530810,2018-11-29 02:04:18,3992,1,1,2,,3338.7480555555558,
266,2017-08-25 10:55:51,2017-08-25 10:55:51,"[(45879827, '2017-08-25 10:55:51'), (52943729, '2018-10-23 07:45:55')]",45617017,2017-08-10 14:50:02,3993,2,4,0,45879827.0,356.09694444444443,356.09694444444443
267,2018-07-31 04:37:21,,"[(51605529, '2018-07-31 04:37:21')]",51603798,2018-07-31 00:08:01,1554,1,0,1,,4.488888888888889,
268,2020-03-05 04:45:56,2020-03-05 04:45:56,"[(60538350, '2020-03-05 04:45:56')]",60538059,2020-03-05 04:07:45,637,1,0,2,60538350.0,0.6363888888888889,0.6363888888888889
269,2018-12-12 14:27:50,2018-12-12 14:27:50,"[(53745208, '2018-12-12 14:27:50')]",53743498,2018-12-12 12:54:19,1191,1,11,0,53745208.0,1.5586111111111112,1.5586111111111112
270,,,[],62689937,2020-07-02 06:01:51,108,0,1,0,,,
271,2018-09-11 20:05:31,2018-09-11 20:05:31,"[(52283490, '2018-09-11 20:05:31')]",52277083,2018-09-11 13:28:54,6763,1,1,9,52283490.0,6.610277777777778,6.610277777777778
272,,,[],64451179,2020-10-20 18:21:14,13,0,0,0,,,
273,,,[],61816854,2020-05-15 10:14:34,81,0,1,0,,,
274,2018-12-22 15:35:36,2018-12-22 15:35:36,"[(53896995, '2018-12-22 15:35:36')]",53894496,2018-12-22 09:28:40,275,1,2,0,53896995.0,6.115555555555556,6.115555555555556
275,2019-11-20 14:56:38,,"[(61565797, '2020-05-02 20:21:49'), (58957271, '2019-11-20 14:56:38')]",58956958,2019-11-20 14:41:17,2074,2,3,2,,0.25583333333333336,
276,2020-05-31 20:06:52,,"[(62123349, '2020-05-31 22:39:10'), (62121868, '2020-05-31 20:06:52')]",62120741,2020-05-31 18:29:05,34,2,0,0,,1.6297222222222223,
277,2020-06-17 06:39:04,2020-06-17 06:39:04,"[(62422862, '2020-06-17 06:39:04')]",62422644,2020-06-17 06:23:09,84,1,1,0,62422862.0,0.2652777777777778,0.2652777777777778
278,2019-11-04 13:37:27,2020-05-15 16:45:40,"[(59125994, '2019-12-01 13:30:48'), (64472725, '2020-10-21 22:44:09'), (64693815, '2020-11-05 08:43:41'), (58694593, '2019-11-04 13:37:27'), (61824346, '2020-05-15 16:45:40')]",58686400,2019-11-04 02:13:45,11250,5,1,12,61824346.0,11.395,4646.531944444445
279,2020-01-10 11:27:48,2020-01-10 11:27:48,"[(59680789, '2020-01-10 11:27:48')]",59654271,2020-01-08 21:48:49,330,1,0,0,59680789.0,37.64972222222222,37.64972222222222
280,,,[],57052351,2019-07-16 07:42:41,507,0,2,1,,,
281,2020-06-08 03:36:21,2020-06-08 03:36:21,"[(62254618, '2020-06-08 03:36:21')]",62247674,2020-06-07 15:33:16,81,1,0,0,62254618.0,12.051388888888889,12.051388888888889
282,2017-08-02 01:10:08,2017-08-02 13:03:18,"[(45461669, '2017-08-02 13:03:18'), (45449892, '2017-08-02 01:10:08')]",45446983,2017-08-01 20:18:51,8089,2,2,7,45461669.0,4.854722222222223,16.740833333333335
283,2020-04-09 07:35:21,2020-04-09 07:35:21,"[(61116116, '2020-04-09 07:35:21')]",61116039,2020-04-09 07:31:16,23,1,0,0,61116116.0,0.06805555555555555,0.06805555555555555
284,2019-05-07 19:31:41,,"[(56029343, '2019-05-07 19:31:41')]",56028489,2019-05-07 18:24:00,263,1,0,2,,1.1280555555555556,
285,2020-12-02 12:39:19,2020-12-02 12:39:19,"[(65108281, '2020-12-02 12:39:19')]",65091965,2020-12-01 14:02:43,22,1,0,0,65108281.0,22.61,22.61
286,2019-03-11 23:08:03,2019-09-25 11:08:14,"[(55111709, '2019-03-11 23:08:03'), (58097007, '2019-09-25 11:08:14')]",55107466,2019-03-11 17:38:23,1389,2,4,3,58097007.0,5.4944444444444445,4745.4975
287,,,[],57434438,2019-08-09 17:02:25,2248,0,2,0,,,
288,,,[],56174293,2019-05-16 18:07:21,327,0,0,1,,,
289,2020-02-05 12:52:06,2020-02-05 12:52:06,"[(63871572, '2020-09-13 13:52:03'), (60076275, '2020-02-05 12:52:06')]",60067164,2020-02-04 23:49:35,1388,2,0,6,60076275.0,13.041944444444445,13.041944444444445
290,,,[],61813228,2020-05-15 06:40:03,89,0,2,0,,,
291,2019-07-03 18:22:29,2019-07-03 18:22:29,"[(56875981, '2019-07-03 18:22:29')]",56875663,2019-07-03 17:58:21,2302,1,3,0,56875981.0,0.4022222222222222,0.4022222222222222
292,2020-06-14 12:47:13,2020-06-14 12:47:13,"[(62372730, '2020-06-14 12:47:13')]",62372055,2020-06-14 11:46:22,32,1,5,0,62372730.0,1.0141666666666667,1.0141666666666667
293,,,[],64797395,2020-11-12 03:19:03,23,0,1,0,,,
294,2020-11-07 19:39:22,,"[(64731664, '2020-11-07 19:39:22'), (64732149, '2020-11-07 20:31:24')]",64731400,2020-11-07 19:07:06,223,2,3,0,,0.5377777777777778,
295,2019-04-13 17:11:06,2019-04-13 17:11:06,"[(55667962, '2019-04-13 17:11:06')]",55665689,2019-04-13 12:54:36,4568,1,0,3,55667962.0,4.275,4.275
296,,,[],61698275,2020-05-09 14:24:50,161,0,1,0,,,
297,2020-09-27 07:23:47,,"[(64085925, '2020-09-27 07:23:47')]",64079249,2020-09-26 15:11:30,137,1,2,-1,,16.204722222222223,
298,2020-09-30 14:06:23,2020-10-01 17:49:20,"[(64139325, '2020-09-30 14:06:23'), (64160715, '2020-10-01 17:49:20')]",64139164,2020-09-30 13:58:09,351,2,0,-1,64160715.0,0.13722222222222222,27.853055555555557
299,2020-08-04 15:43:49,2020-08-04 15:43:49,"[(63250423, '2020-08-04 15:43:49')]",63243154,2020-08-04 08:41:37,116,1,0,0,63250423.0,7.036666666666667,7.036666666666667
300,2020-06-17 05:30:35,,"[(62422049, '2020-06-17 05:30:35'), (62423348, '2020-06-17 07:10:20')]",62420902,2020-06-17 03:15:53,31,2,1,1,,2.245,
301,,,[],52344834,2018-09-15 12:46:20,424,0,1,4,,,
302,,,[],62596016,2020-06-26 13:38:58,62,0,0,2,,,
303,2018-06-19 14:12:20,2018-06-19 14:12:20,"[(50930566, '2018-06-19 14:12:20')]",50930300,2018-06-19 13:58:30,904,1,0,0,50930566.0,0.23055555555555557,0.23055555555555557
304,2020-10-05 10:00:23,2020-10-05 10:00:23,"[(64206420, '2020-10-05 10:00:23')]",64206070,2020-10-05 09:37:51,553,1,0,2,64206420.0,0.37555555555555553,0.37555555555555553
305,2020-08-21 12:03:27,,"[(63525622, '2020-08-21 15:22:04'), (63522614, '2020-08-21 12:03:27')]",63521958,2020-08-21 11:23:11,176,2,1,0,,0.6711111111111111,
306,2018-11-29 12:33:21,2018-11-29 12:33:21,"[(53539183, '2018-11-29 12:33:21')]",53538138,2018-11-29 11:35:43,1006,1,0,1,53539183.0,0.9605555555555556,0.9605555555555556
307,2018-11-27 14:20:20,2018-11-27 14:20:20,"[(53501763, '2018-11-27 14:20:20')]",53500838,2018-11-27 13:29:22,3234,1,0,1,53501763.0,0.8494444444444444,0.8494444444444444
308,2018-04-24 08:35:50,,"[(49996974, '2018-04-24 08:35:50')]",49987673,2018-04-23 18:27:26,289,1,0,0,,14.14,
309,2020-02-10 06:11:20,2020-02-10 06:11:20,"[(60144923, '2020-02-10 06:11:20'), (61539864, '2020-05-01 09:24:12')]",60144922,2020-02-10 06:11:20,445,2,0,0,60144923.0,0.0,0.0
310,,,[],60744928,2020-03-18 17:47:04,178,0,7,0,,,
311,2020-04-14 20:13:20,,"[(61216373, '2020-04-14 20:13:20')]",61215873,2020-04-14 19:42:10,1011,1,0,0,,0.5194444444444445,
312,,,[],62468346,2020-06-19 10:34:44,217,0,3,0,,,
313,2020-02-06 18:47:41,2020-02-06 18:47:41,"[(60161912, '2020-02-11 04:11:40'), (60101662, '2020-02-06 18:47:41')]",60101168,2020-02-06 18:10:58,5182,2,0,4,60101662.0,0.6119444444444444,0.6119444444444444
314,2020-03-10 09:44:17,,"[(64724318, '2020-11-07 04:06:46'), (60614964, '2020-03-10 09:44:17')]",60614678,2020-03-10 09:28:19,482,2,2,1,,0.26611111111111113,
315,2019-04-09 09:25:00,,"[(55589383, '2019-04-09 09:25:00')]",54682222,2019-02-14 02:06:31,120,1,1,1,,1303.3080555555555,
316,,,[],57057022,2019-07-16 12:14:30,175,0,0,2,,,
317,2020-04-27 10:47:54,,"[(61457111, '2020-04-27 10:47:54')]",61075390,2020-04-07 08:01:00,882,1,0,1,,482.7816666666667,
318,2020-05-24 19:03:21,,"[(61991005, '2020-05-24 19:03:21')]",61990429,2020-05-24 18:23:07,279,1,2,0,,0.6705555555555556,
319,2020-07-26 08:54:20,2020-07-26 08:54:20,"[(63098077, '2020-07-26 08:54:20')]",63097995,2020-07-26 08:44:03,288,1,0,0,63098077.0,0.1713888888888889,0.1713888888888889
320,2018-05-31 07:38:55,2018-05-31 07:38:55,"[(50619112, '2018-05-31 07:38:55')]",50617917,2018-05-31 06:24:50,3225,1,2,8,50619112.0,1.2347222222222223,1.2347222222222223
321,2018-05-24 17:07:48,2018-05-24 17:07:48,"[(59680818, '2020-01-10 11:29:15'), (53304000, '2018-11-14 15:49:39'), (50514721, '2018-05-24 17:07:48')]",50480689,2018-05-23 05:49:50,5329,3,0,2,50514721.0,35.29944444444445,35.29944444444445
322,2020-05-06 16:14:40,,"[(61640019, '2020-05-06 16:14:40')]",61639900,2020-05-06 16:08:15,411,1,0,0,,0.10694444444444444,
323,2020-11-19 04:40:43,,"[(64905526, '2020-11-19 04:40:43')]",64905441,2020-11-19 04:30:18,32,1,0,2,,0.1736111111111111,
324,,,[],51891743,2018-08-17 08:55:01,3759,0,5,3,,,
325,,,[],64137429,2020-09-30 12:19:13,28,0,0,0,,,
326,,,[],55378802,2019-03-27 13:47:44,1533,0,1,1,,,
327,2020-11-30 02:44:59,2020-11-30 16:22:04,"[(65077272, '2020-11-30 16:22:04'), (65067498, '2020-11-30 02:44:59')]",65066981,2020-11-30 01:20:15,47,2,0,1,65077272.0,1.4122222222222223,15.030277777777778
328,2020-02-27 18:04:21,2020-02-27 18:04:21,"[(60439262, '2020-02-27 18:04:21'), (60439263, '2020-02-27 18:04:23')]",60438644,2020-02-27 17:20:05,57,2,0,1,60439262.0,0.7377777777777778,0.7377777777777778
329,2020-08-30 18:24:13,2020-08-30 18:24:13,"[(63660755, '2020-08-30 18:24:13')]",63660023,2020-08-30 17:10:46,87,1,10,-1,63660755.0,1.2241666666666666,1.2241666666666666
330,,,[],56123240,2019-05-14 04:56:23,653,0,0,3,,,
331,2019-04-12 16:51:39,,"[(55656361, '2019-04-12 16:51:39')]",55142316,2019-03-13 12:48:47,1900,1,2,0,,724.0477777777778,
332,2020-10-01 21:05:25,2020-10-01 21:05:25,"[(64163184, '2020-10-01 21:05:25')]",64131993,2020-09-30 06:26:22,429,1,0,0,64163184.0,38.65083333333333,38.65083333333333
333,2019-06-23 01:29:53,2019-06-23 01:29:53,"[(56720384, '2019-06-23 01:29:53')]",56719867,2019-06-22 23:19:59,3997,1,0,1,56720384.0,2.165,2.165
334,2020-10-28 09:31:14,,"[(64569985, '2020-10-28 09:31:14')]",63790634,2020-09-08 09:04:21,47,1,0,0,,1200.4480555555556,
335,,,[],55803106,2019-04-23 01:31:46,141,0,3,0,,,
336,,,[],61022787,2020-04-04 01:39:19,1734,0,4,0,,,
337,2020-06-03 09:52:34,,"[(62169954, '2020-06-03 09:52:34')]",60296710,2020-02-19 09:16:31,548,1,0,3,,2520.6008333333334,
338,,,[],57561947,2019-08-19 18:10:32,86,0,3,0,,,
339,2020-11-17 04:10:55,,"[(64869248, '2020-11-17 04:10:55')]",64867781,2020-11-17 00:45:11,23,1,0,0,,3.428888888888889,
340,2018-05-22 19:35:18,,"[(50542793, '2018-05-26 12:32:14'), (50475266, '2018-05-22 19:35:18')]",50475094,2018-05-22 19:23:51,2595,2,0,1,,0.19083333333333333,
341,2019-04-17 05:34:11,2019-04-17 05:34:11,"[(55720527, '2019-04-17 05:34:11')]",55720464,2019-04-17 05:27:32,6206,1,1,3,55720527.0,0.11083333333333334,0.11083333333333334
342,2017-10-21 16:07:57,,"[(46865203, '2017-10-21 16:07:57')]",45861767,2017-08-24 12:32:58,6993,1,0,4,,1395.5830555555556,
343,2019-11-20 14:20:27,2020-01-14 20:05:38,"[(59741019, '2020-01-14 20:05:38'), (58956534, '2019-11-20 14:20:27')]",58912268,2019-11-18 10:16:59,345,2,4,1,59741019.0,52.05777777777778,1377.8108333333332
344,,,[],60495486,2020-03-02 19:34:44,343,0,0,1,,,
345,2020-05-23 19:49:46,,"[(61977771, '2020-05-23 19:49:46')]",59129241,2019-12-01 19:37:33,189,1,0,0,,4176.203611111111,
346,,,[],61515601,2020-04-30 03:48:16,34,0,1,1,,,
347,,,[],62384388,2020-06-15 08:35:56,74,0,0,0,,,
348,2019-09-18 19:13:48,2019-12-16 07:52:11,"[(59352433, '2019-12-16 07:52:11'), (57999435, '2019-09-18 19:13:48')]",57957101,2019-09-16 12:40:37,1105,2,5,0,59352433.0,54.55305555555555,2179.192777777778
349,,,[],45276997,2017-07-24 09:31:38,1609,0,6,2,,,
350,2020-07-28 07:22:59,,"[(63128944, '2020-07-28 07:22:59'), (63129279, '2020-07-28 07:45:15')]",63128557,2020-07-28 06:55:10,77,2,1,0,,0.4636111111111111,
351,2019-05-01 22:38:22,,"[(55943572, '2019-05-01 22:38:22')]",55943259,2019-05-01 22:04:27,886,1,2,0,,0.5652777777777778,
352,2018-05-30 05:47:51,2018-05-30 05:47:51,"[(50597150, '2018-05-30 05:47:51')]",50539641,2018-05-26 05:34:57,1218,1,1,-1,50597150.0,96.215,96.215
353,2018-11-21 21:52:05,2018-11-21 21:52:05,"[(53420966, '2018-11-21 21:52:05')]",53416833,2018-11-21 16:44:52,5933,1,0,0,53420966.0,5.120277777777778,5.120277777777778
354,2020-10-12 10:31:50,2020-10-12 10:31:50,"[(64316096, '2020-10-12 10:31:50')]",60750288,2020-03-19 02:55:39,742,1,3,1,64316096.0,4975.603055555555,4975.603055555555
355,,,[],59516539,2019-12-29 02:58:05,96,0,0,3,,,
356,2018-03-05 05:51:26,2018-03-05 05:51:26,"[(49104233, '2018-03-05 05:51:26')]",49088670,2018-03-03 20:03:43,1877,1,0,1,49104233.0,33.79527777777778,33.79527777777778
357,2019-12-22 04:55:35,2019-12-22 04:55:35,"[(59441710, '2019-12-22 04:55:35')]",59441355,2019-12-22 03:09:13,249,1,0,3,59441710.0,1.7727777777777778,1.7727777777777778
358,2020-08-06 19:59:52,2020-08-06 19:59:52,"[(63290929, '2020-08-06 19:59:52')]",63256567,2020-08-04 23:52:34,329,1,0,1,63290929.0,44.12166666666667,44.12166666666667
359,,,[],61579064,2020-05-03 17:47:45,176,0,1,1,,,
360,,,[],59330974,2019-12-13 23:22:55,107,0,0,0,,,
361,2020-08-04 20:21:44,,"[(63254518, '2020-08-04 20:21:44')]",63254121,2020-08-04 19:47:56,43,1,2,0,,0.5633333333333334,
362,2020-09-24 06:04:12,,"[(64040396, '2020-09-24 06:04:12'), (64052693, '2020-09-24 18:55:01')]",64037618,2020-09-23 23:32:26,296,2,0,0,,6.529444444444445,
363,2019-07-10 09:20:49,,"[(56967464, '2019-07-10 09:20:49'), (56983094, '2019-07-11 06:43:39')]",56966499,2019-07-10 08:27:50,297,2,0,1,,0.8830555555555556,
364,2020-06-02 20:22:27,2020-06-02 20:22:27,"[(62160781, '2020-06-02 20:22:27')]",62157890,2020-06-02 17:31:35,108,1,3,0,62160781.0,2.847777777777778,2.847777777777778
365,2020-08-09 22:58:12,,"[(63333057, '2020-08-10 01:39:23'), (63332148, '2020-08-09 22:58:12')]",63332048,2020-08-09 22:43:55,272,2,0,-1,,0.23805555555555555,
366,2019-01-01 13:15:18,2019-01-01 13:15:18,"[(53999459, '2019-01-01 22:33:32'), (53995739, '2019-01-01 13:15:18')]",53995708,2019-01-01 13:10:10,3314,2,0,0,53995739.0,0.08555555555555555,0.08555555555555555
367,2019-01-06 19:37:14,2019-01-06 19:37:14,"[(54065199, '2019-01-06 19:37:14')]",54054163,2019-01-05 16:59:49,2047,1,2,2,54065199.0,26.62361111111111,26.62361111111111
368,2017-11-17 01:09:05,2017-11-17 01:09:05,"[(62703853, '2020-07-02 19:37:10'), (64899077, '2020-11-18 18:24:53'), (62784871, '2020-07-07 22:30:49'), (47341747, '2017-11-17 01:09:05')]",47312396,2017-11-15 16:20:37,15660,4,4,4,47341747.0,32.80777777777778,32.80777777777778
369,2020-11-04 12:22:20,2020-11-04 12:22:20,"[(64679991, '2020-11-04 12:22:20')]",64679865,2020-11-04 12:13:54,27,1,0,-3,64679991.0,0.14055555555555554,0.14055555555555554
370,2019-11-15 09:32:17,,"[(58874005, '2019-11-15 09:32:17')]",58824625,2019-11-12 18:28:48,161,1,2,1,,63.058055555555555,
371,2020-05-31 05:58:09,2020-05-31 05:58:09,"[(62112181, '2020-05-31 05:58:09'), (62112566, '2020-05-31 06:43:28')]",62111920,2020-05-31 05:23:07,42,2,2,-3,62112181.0,0.5838888888888889,0.5838888888888889
372,,,[],62188623,2020-06-04 06:59:16,67,0,0,0,,,
373,2020-03-03 01:13:20,2020-03-03 01:13:20,"[(60498745, '2020-03-03 01:13:20')]",60373136,2020-02-24 09:43:47,225,1,3,0,60498745.0,183.4925,183.4925
374,,,[],59012616,2019-11-23 21:54:04,1539,0,4,1,,,
375,2020-08-04 09:53:51,2020-08-14 14:49:17,"[(63415069, '2020-08-14 14:49:17'), (63244366, '2020-08-04 09:53:51')]",63232732,2020-08-03 15:51:49,224,2,8,6,63415069.0,18.03388888888889,262.9577777777778
376,2020-11-26 22:54:26,2020-11-26 22:54:26,"[(65030156, '2020-11-26 22:54:26')]",65029639,2020-11-26 21:50:51,31,1,13,-1,65030156.0,1.0597222222222222,1.0597222222222222
377,2020-03-01 08:53:26,2020-03-01 08:53:26,"[(60473455, '2020-03-01 08:53:26')]",60469220,2020-02-29 20:13:41,773,1,0,-1,60473455.0,12.6625,12.6625
378,2020-05-28 23:11:40,,"[(62139728, '2020-06-01 19:37:48'), (62076032, '2020-05-28 23:11:40')]",61718049,2020-05-10 20:05:51,798,2,0,1,,435.09694444444443,
379,,,[],54043589,2019-01-04 17:32:11,703,0,2,0,,,
380,2018-06-29 09:20:56,,"[(51098410, '2018-06-29 09:20:56')]",50968788,2018-06-21 12:38:23,612,1,0,2,,188.70916666666668,
381,,,[],53605586,2018-12-04 04:14:11,645,0,0,1,,,
382,2018-03-04 16:37:37,,"[(49097696, '2018-03-04 16:37:37')]",49097669,2018-03-04 16:35:16,1163,1,0,0,,0.03916666666666667,
383,2020-07-25 03:01:56,2020-07-25 03:01:56,"[(63083879, '2020-07-25 03:01:56')]",63075594,2020-07-24 14:24:04,475,1,0,1,63083879.0,12.63111111111111,12.63111111111111
384,2020-08-15 13:53:01,2020-08-15 13:53:01,"[(63426786, '2020-08-15 13:53:01')]",63406621,2020-08-14 04:37:54,464,1,2,0,63426786.0,33.25194444444445,33.25194444444445
385,,,[],56934322,2019-07-08 11:51:29,164,0,6,0,,,
386,,,[],60918408,2020-03-29 17:49:29,1108,0,1,0,,,
387,,,[],54451971,2019-01-31 01:12:32,777,0,2,2,,,
388,2018-09-07 00:43:58,2018-09-07 00:43:58,"[(52213812, '2018-09-07 00:43:58')]",52213726,2018-09-07 00:28:28,3744,1,1,1,52213812.0,0.25833333333333336,0.25833333333333336
389,,,[],64216905,2020-10-05 22:12:20,59,0,0,0,,,
390,2019-01-20 10:16:38,2019-01-20 10:16:38,"[(54275435, '2019-01-20 10:16:38'), (54511380, '2019-02-04 06:57:01')]",54274089,2019-01-20 06:17:58,4022,2,8,2,54275435.0,3.977777777777778,3.977777777777778
391,2020-05-22 23:32:54,,"[(61965435, '2020-05-22 23:32:54')]",61964863,2020-05-22 22:32:06,1939,1,0,1,,1.0133333333333334,
392,,,[],64940953,2020-11-21 07:59:44,10,0,0,0,,,
393,2018-07-10 07:12:54,,"[(51259202, '2018-07-10 07:12:54')]",51259119,2018-07-10 07:08:19,276,1,0,0,,0.0763888888888889,
394,,,[],64846357,2020-11-15 15:38:35,21,0,0,0,,,
395,2020-09-18 05:43:37,2020-09-18 05:43:37,"[(63949953, '2020-09-18 05:43:37')]",61567150,2020-05-02 22:29:42,779,1,1,1,63949953.0,3319.2319444444443,3319.2319444444443
396,,,[],61812509,2020-05-15 05:43:19,41,0,0,0,,,
397,2020-03-24 20:59:31,,"[(60839231, '2020-03-24 20:59:31')]",60838718,2020-03-24 20:21:42,43,1,0,0,,0.6302777777777778,
398,,,[],60244735,2020-02-16 01:45:12,21,0,0,0,,,
399,,,[],63545434,2020-08-23 09:31:56,237,0,1,1,,,
400,2019-10-22 02:37:42,2019-10-22 02:37:42,"[(58496401, '2019-10-22 02:37:42')]",58496139,2019-10-22 01:55:25,265,1,0,0,58496401.0,0.7047222222222222,0.7047222222222222
401,2020-05-23 14:46:52,2020-05-23 14:46:52,"[(61973826, '2020-05-23 14:46:52')]",61968540,2020-05-23 06:57:26,605,1,1,1,61973826.0,7.823888888888889,7.823888888888889
402,2020-05-18 16:39:53,2020-05-18 17:54:51,"[(61874549, '2020-05-18 16:39:53'), (61875920, '2020-05-18 17:54:51')]",61857079,2020-05-17 18:52:04,64,2,5,0,61875920.0,21.796944444444446,23.046388888888888
403,2018-09-14 22:26:28,2018-09-15 10:56:10,"[(52344021, '2018-09-15 10:56:10'), (52339908, '2018-09-14 22:26:28')]",52317407,2018-09-13 15:49:57,8236,2,2,7,52344021.0,30.60861111111111,43.103611111111114
404,2019-06-14 15:19:39,,"[(56601090, '2019-06-14 15:19:39')]",50873484,2018-06-15 10:12:31,500,1,0,1,,8741.118888888888,
405,2020-02-16 23:33:30,,"[(60254234, '2020-02-16 23:33:30')]",60253449,2020-02-16 21:37:15,1990,1,0,2,,1.9375,
406,2019-12-21 07:36:03,,"[(59434368, '2019-12-21 07:36:03')]",59434184,2019-12-21 07:02:15,887,1,5,2,,0.5633333333333334,
407,2019-04-02 14:53:27,,"[(55477737, '2019-04-02 14:53:27')]",55474474,2019-04-02 12:10:46,734,1,1,4,,2.711388888888889,
408,,,[],64624104,2020-10-31 16:41:55,27,0,0,0,,,
409,2020-07-15 00:17:30,2020-07-15 00:17:30,"[(62905769, '2020-07-15 00:17:30')]",62904639,2020-07-14 22:02:15,60,1,1,0,62905769.0,2.254166666666667,2.254166666666667
410,2020-02-26 13:25:22,2020-02-26 13:25:22,"[(60414990, '2020-02-26 13:25:22')]",60414698,2020-02-26 13:08:52,1375,1,0,0,60414990.0,0.275,0.275
411,2018-02-01 09:17:36,2018-02-01 09:17:36,"[(48559107, '2018-02-01 09:17:36')]",48402009,2018-01-23 12:40:03,9740,1,4,5,48559107.0,212.62583333333333,212.62583333333333
412,2020-01-22 21:30:24,,"[(59868548, '2020-01-22 21:30:24')]",59868377,2020-01-22 21:16:54,105,1,1,0,,0.225,
413,,,[],62187263,2020-06-04 05:13:37,182,0,1,0,,,
414,2020-06-22 18:06:09,,"[(62520753, '2020-06-22 18:06:09'), (62520778, '2020-06-22 18:07:32')]",62520641,2020-06-22 17:58:38,34,2,0,0,,0.12527777777777777,
415,,,[],59395680,2019-12-18 15:51:36,347,0,0,1,,,
416,2020-10-25 16:38:57,,"[(64526192, '2020-10-25 16:38:57')]",64483065,2020-10-22 13:13:39,58,1,0,0,,75.42166666666667,
417,,,[],63930934,2020-09-17 03:41:14,414,0,6,1,,,
418,2018-12-15 17:56:51,2018-12-15 17:56:51,"[(53795809, '2018-12-15 17:56:51')]",53794900,2018-12-15 16:08:00,476,1,0,0,53795809.0,1.8141666666666667,1.8141666666666667
419,2020-06-21 21:54:13,,"[(62504856, '2020-06-21 21:54:13'), (62664374, '2020-06-30 18:57:08')]",62472238,2020-06-19 14:17:46,730,2,0,0,,55.6075,
420,,,[],60236208,2020-02-15 05:46:28,769,0,4,0,,,
421,,,[],65078281,2020-11-30 17:26:31,12,0,0,1,,,
422,2020-03-20 13:28:23,2020-03-20 13:28:23,"[(60775157, '2020-03-20 13:28:23')]",60772545,2020-03-20 10:39:07,936,1,0,0,60775157.0,2.821111111111111,2.821111111111111
423,,,[],62195487,2020-06-04 13:11:33,279,0,4,0,,,
424,2019-11-19 10:23:43,,"[(58931739, '2019-11-19 10:23:43')]",57193146,2019-07-25 01:37:15,1073,1,0,5,,2816.7744444444443,
425,,,[],60339453,2020-02-21 13:17:44,103,0,2,1,,,
426,2020-02-26 08:48:50,2020-02-26 08:48:50,"[(60409953, '2020-02-26 08:48:50')]",60365105,2020-02-23 17:51:08,115,1,2,3,60409953.0,62.961666666666666,62.961666666666666
427,2020-06-10 14:35:19,,"[(62306216, '2020-06-10 14:35:19')]",62302878,2020-06-10 11:49:56,563,1,2,0,,2.756388888888889,
428,2020-05-23 20:17:58,,"[(61978068, '2020-05-23 20:17:58')]",55009884,2019-03-05 19:08:30,590,1,4,0,,10681.157777777778,
429,2020-08-02 03:46:17,,"[(63212188, '2020-08-02 03:46:17')]",63212096,2020-08-02 03:26:23,4049,1,0,1,,0.33166666666666667,
430,,,[],61162368,2020-04-11 19:15:02,50,0,3,0,,,
431,2019-08-15 11:55:27,2019-08-15 11:55:27,"[(57509265, '2019-08-15 11:55:27')]",57500582,2019-08-14 19:01:37,1535,1,3,2,57509265.0,16.897222222222222,16.897222222222222
432,2019-11-24 03:58:34,,"[(59014520, '2019-11-24 03:58:34'), (62113857, '2020-05-31 09:02:12'), (62708139, '2020-07-03 03:37:02')]",59013496,2019-11-24 00:08:46,4686,3,0,3,,3.83,
433,2020-07-29 14:02:02,,"[(63155416, '2020-07-29 14:02:02')]",63153471,2020-07-29 12:20:25,167,1,0,0,,1.6936111111111112,
434,2018-08-03 06:01:50,2018-08-03 06:01:50,"[(55089212, '2019-03-10 15:25:14'), (51691864, '2018-08-05 06:14:51'), (51666172, '2018-08-03 06:01:50')]",51664192,2018-08-03 01:36:11,4976,3,1,7,51666172.0,4.4275,4.4275
435,2020-07-22 18:07:44,2020-07-22 18:07:44,"[(63040588, '2020-07-22 18:07:44')]",62941625,2020-07-16 18:48:55,40,1,1,0,63040588.0,143.3136111111111,143.3136111111111
436,2020-03-18 05:52:18,2020-03-18 05:52:18,"[(60734154, '2020-03-18 05:52:18')]",60726057,2020-03-17 16:05:58,303,1,0,0,60734154.0,13.772222222222222,13.772222222222222
437,2020-05-06 20:14:05,,"[(62258203, '2020-06-08 08:42:54'), (61644518, '2020-05-06 20:14:05')]",61642363,2020-05-06 18:15:52,496,2,3,-1,,1.9702777777777778,
438,,,[],56866168,2019-07-03 08:42:32,315,0,2,0,,,
439,2020-05-22 06:46:04,2020-05-22 06:46:04,"[(61949280, '2020-05-22 06:46:04')]",61948655,2020-05-22 05:51:02,97,1,2,0,61949280.0,0.9172222222222223,0.9172222222222223
440,2019-07-30 05:51:39,,"[(57265087, '2019-07-30 05:51:39')]",57264800,2019-07-30 05:24:59,1291,1,1,1,,0.4444444444444444,
441,2019-05-18 00:57:59,,"[(56195143, '2019-05-18 00:57:59')]",56086706,2019-05-11 02:30:43,648,1,6,1,,166.45444444444445,
442,2020-09-01 08:58:33,2020-09-01 08:58:33,"[(63703745, '2020-09-02 10:35:27'), (64471308, '2020-10-21 20:29:21'), (63684465, '2020-09-01 08:58:33')]",63645357,2020-08-29 09:17:47,296,3,0,1,63684465.0,71.67944444444444,71.67944444444444
443,,,[],65142518,2020-12-04 11:10:46,18,0,3,0,,,
444,2020-07-14 07:46:50,2020-07-14 07:46:50,"[(62890349, '2020-07-14 07:46:50')]",62780158,2020-07-07 16:50:06,212,1,0,1,62890349.0,158.94555555555556,158.94555555555556
445,,,[],64006962,2020-09-22 09:34:20,97,0,1,0,,,
446,2017-10-13 03:44:45,2018-05-23 20:10:57,"[(46722223, '2017-10-13 03:44:45'), (50496721, '2018-05-23 20:10:57')]",46704352,2017-10-12 07:57:29,8890,2,3,3,50496721.0,19.787777777777777,5364.224444444444
447,2018-12-06 08:16:03,,"[(53647158, '2018-12-06 08:16:03')]",53584246,2018-12-02 20:19:26,410,1,1,0,,83.94361111111111,
448,,,[],59909613,2020-01-25 13:21:14,335,0,2,0,,,
449,2019-08-01 08:34:19,,"[(57304924, '2019-08-01 08:34:19'), (57310806, '2019-08-01 13:59:55'), (62642361, '2020-06-29 16:15:46')]",57299674,2019-07-31 22:38:25,1373,3,0,3,,9.931666666666667,
450,2020-11-09 05:12:15,2020-11-09 05:12:15,"[(64746179, '2020-11-09 05:12:15')]",64745900,2020-11-09 04:28:50,71,1,0,0,64746179.0,0.7236111111111111,0.7236111111111111
451,2020-11-12 00:02:10,,"[(64795969, '2020-11-12 00:02:10')]",64348369,2020-10-14 07:16:40,61,1,2,1,,688.7583333333333,
452,2020-06-17 23:22:54,2020-06-17 23:43:39,"[(62440097, '2020-06-17 23:43:39'), (62439908, '2020-06-17 23:22:54')]",62439514,2020-06-17 22:40:38,66,2,3,0,62440097.0,0.7044444444444444,1.0502777777777779
453,,,[],63901115,2020-09-15 11:43:19,20,0,0,0,,,
454,,,[],62735465,2020-07-04 23:34:09,114,0,4,0,,,
455,2020-05-15 20:51:50,2020-05-15 20:51:50,"[(61828142, '2020-05-15 20:51:50')]",61827738,2020-05-15 20:21:56,322,1,0,0,61828142.0,0.49833333333333335,0.49833333333333335
456,2020-07-21 01:39:52,2020-07-21 01:39:52,"[(63006152, '2020-07-21 01:39:52')]",63005606,2020-07-21 00:19:42,32,1,0,0,63006152.0,1.336111111111111,1.336111111111111
457,,,[],64304882,2020-10-11 14:04:31,36,0,0,1,,,
458,2019-06-25 21:09:50,2019-06-25 21:10:25,"[(56762051, '2019-06-25 21:10:25'), (56762043, '2019-06-25 21:09:50')]",56761865,2019-06-25 20:54:54,606,2,0,-1,56762051.0,0.24888888888888888,0.2586111111111111
459,2020-05-28 20:26:32,,"[(64102679, '2020-09-28 12:58:47'), (63324681, '2020-08-09 09:29:33'), (62073916, '2020-05-28 20:26:32')]",62067849,2020-05-28 14:57:22,1358,3,0,0,,5.486111111111111,
460,2018-05-03 18:47:09,,"[(55275146, '2019-03-21 06:50:55'), (50161983, '2018-05-03 18:47:09')]",50161411,2018-05-03 18:09:18,787,2,1,1,,0.6308333333333334,
461,2018-04-18 17:24:18,2018-04-20 15:02:13,"[(49944604, '2018-04-20 15:02:13'), (49905600, '2018-04-18 17:24:18'), (49919553, '2018-04-19 11:06:18')]",49878836,2018-04-17 12:59:24,2669,3,0,4,49944604.0,28.415,74.04694444444445
462,2018-12-01 19:30:00,,"[(53574334, '2018-12-01 19:30:00')]",53106369,2018-11-01 17:29:10,237,1,0,1,,722.0138888888889,
463,2020-10-21 13:04:02,,"[(64464180, '2020-10-21 13:04:02')]",64452065,2020-10-20 19:26:48,17,1,0,0,,17.620555555555555,
464,2020-06-29 05:20:28,,"[(62631687, '2020-06-29 05:20:28'), (62654553, '2020-06-30 09:41:06'), (62632857, '2020-06-29 07:04:04')]",62629114,2020-06-28 23:02:03,863,3,0,3,,6.3069444444444445,
465,2020-05-20 13:50:36,2020-05-20 13:50:36,"[(61914846, '2020-05-20 13:50:36'), (63490808, '2020-08-19 15:56:46')]",61914525,2020-05-20 13:36:48,231,2,3,1,61914846.0,0.23,0.23
466,2020-11-10 13:01:33,2020-11-10 13:01:33,"[(64769426, '2020-11-10 13:01:33')]",64761518,2020-11-10 01:18:06,57,1,2,0,64769426.0,11.724166666666667,11.724166666666667
467,,,[],63585771,2020-08-25 19:22:02,26,0,2,0,,,
468,2020-11-25 11:19:12,,"[(65003642, '2020-11-25 11:19:12')]",64997817,2020-11-25 02:44:41,23,1,0,1,,8.575277777777778,
469,2020-05-09 22:32:42,2020-05-09 22:32:42,"[(61704663, '2020-05-09 22:32:42')]",61704416,2020-05-09 22:08:23,76,1,3,0,61704663.0,0.4052777777777778,0.4052777777777778
470,2020-07-04 15:15:52,,"[(62730865, '2020-07-04 15:15:52')]",62726792,2020-07-04 08:06:55,2067,1,0,1,,7.149166666666667,
471,,,[],59275108,2019-12-10 20:47:44,316,0,0,0,,,
472,2019-07-03 13:23:58,,"[(56871215, '2019-07-03 13:23:58')]",56116270,2019-05-13 16:18:18,2131,1,0,0,,1221.0944444444444,
473,2020-09-09 11:02:20,,"[(63810244, '2020-09-09 11:02:20')]",62443806,2020-06-18 06:38:29,83,1,4,2,,1996.3975,
474,,,[],52677861,2018-10-06 09:59:25,1905,0,6,2,,,
475,2020-09-17 04:12:31,2020-09-17 04:12:31,"[(63931158, '2020-09-17 04:12:31')]",63927648,2020-09-16 20:40:46,125,1,0,1,63931158.0,7.529166666666667,7.529166666666667
476,,,[],59944407,2020-01-28 08:04:12,102,0,1,0,,,
477,,,[],63913372,2020-09-16 04:54:33,194,0,1,0,,,
478,2019-03-01 02:00:30,2019-03-01 02:00:30,"[(54936925, '2019-03-01 02:00:30')]",54928638,2019-02-28 15:05:05,3891,1,5,2,54936925.0,10.92361111111111,10.92361111111111
479,2020-04-16 17:44:50,2020-04-16 17:44:50,"[(61256625, '2020-04-16 17:44:50')]",61213493,2020-04-14 17:17:38,505,1,0,3,61256625.0,48.45333333333333,48.45333333333333
480,2019-10-18 18:28:43,2019-10-18 18:28:43,"[(58456379, '2019-10-18 18:28:43')]",58454157,2019-10-18 15:42:39,5096,1,2,6,58456379.0,2.767777777777778,2.767777777777778
481,2019-07-21 00:10:08,,"[(57129493, '2019-07-21 00:10:08')]",57116878,2019-07-19 17:06:19,501,1,0,0,,31.06361111111111,
482,2018-05-26 13:05:10,2018-05-26 13:05:10,"[(50543086, '2018-05-26 13:05:10')]",50541672,2018-05-26 10:19:03,161,1,0,0,50543086.0,2.768611111111111,2.768611111111111
483,,,[],63108456,2020-07-27 03:53:25,158,0,0,0,,,
484,,,[],62978636,2020-07-19 09:44:59,30,0,0,0,,,
485,2020-10-29 23:29:57,,"[(64600632, '2020-10-29 23:29:57')]",63541681,2020-08-22 22:22:10,100,1,0,0,,1633.1297222222222,
486,2019-01-27 11:49:07,2019-01-27 11:49:07,"[(54387795, '2019-01-27 11:49:07'), (59641331, '2020-01-08 07:34:08')]",54387659,2019-01-27 11:31:31,2334,2,0,0,54387795.0,0.29333333333333333,0.29333333333333333
487,,,[],56943494,2019-07-08 23:06:05,97,0,7,1,,,
488,2018-10-09 14:02:33,,"[(59333492, '2019-12-14 08:23:44'), (52722963, '2018-10-09 14:02:33')]",52710878,2018-10-08 22:25:38,1057,2,0,0,,15.615277777777777,
489,,,[],59054002,2019-11-26 15:16:50,2530,0,5,3,,,
490,2020-01-03 18:57:41,2020-01-03 18:57:41,"[(59583898, '2020-01-03 18:57:41')]",59582663,2020-01-03 17:15:36,1294,1,3,1,59583898.0,1.7013888888888888,1.7013888888888888
491,2020-04-28 05:59:43,,"[(61473586, '2020-04-28 05:59:43')]",61419136,2020-04-24 23:47:22,141,1,0,0,,78.20583333333333,
492,2020-02-14 11:05:31,2020-02-14 11:05:31,"[(60225098, '2020-02-14 11:05:31')]",60205829,2020-02-13 10:38:39,1729,1,2,3,60225098.0,24.447777777777777,24.447777777777777
493,2019-11-24 23:03:06,,"[(59023290, '2019-11-24 23:03:06')]",59023201,2019-11-24 22:49:52,711,1,0,0,,0.22055555555555556,
494,,,[],62769986,2020-07-07 07:19:45,123,0,0,2,,,
495,2020-09-08 14:14:14,,"[(63795802, '2020-09-08 14:14:14'), (64795850, '2020-11-11 23:45:37')]",63788527,2020-09-08 06:51:22,76,2,3,1,,7.381111111111111,
496,2020-06-09 10:02:53,2020-06-09 10:02:53,"[(62279948, '2020-06-09 10:02:53')]",62279080,2020-06-09 09:17:15,412,1,0,2,62279948.0,0.7605555555555555,0.7605555555555555
497,2019-01-22 18:18:23,,"[(54314282, '2019-01-22 18:18:23')]",54261892,2019-01-18 21:50:55,1681,1,3,1,,92.45777777777778,
498,2017-07-06 16:23:51,,"[(44954311, '2017-07-06 16:23:51')]",44843033,2017-06-30 09:24:57,2243,1,2,0,,150.98166666666665,
499,,,[],64775763,2020-11-10 19:46:40,11,0,2,0,,,
500,2020-11-06 15:32:12,,"[(64717453, '2020-11-06 15:32:12')]",64646903,2020-11-02 13:54:51,50,1,7,-1,,97.6225,
501,,,[],53744363,2018-12-12 13:40:55,473,0,0,3,,,
502,,,[],58318792,2019-10-10 08:41:15,726,0,2,0,,,
503,2020-01-07 07:20:14,2020-01-07 07:20:14,"[(59623857, '2020-01-07 07:20:14')]",59621736,2020-01-07 03:16:55,804,1,1,5,59623857.0,4.0552777777777775,4.0552777777777775
504,2018-05-19 13:47:28,2018-05-19 13:47:28,"[(50425967, '2018-05-19 13:47:28'), (56657615, '2019-06-18 22:02:21')]",50425739,2018-05-19 13:20:40,4029,2,12,3,50425967.0,0.44666666666666666,0.44666666666666666
505,,,[],62933706,2020-07-16 11:27:48,84,0,3,0,,,
506,2020-06-20 02:54:50,,"[(62481110, '2020-06-20 02:54:50')]",62223840,2020-06-05 20:44:27,42,1,0,2,,342.17305555555555,
507,2020-07-21 06:00:37,2020-07-21 06:00:37,"[(63008289, '2020-07-21 06:00:37')]",62953477,2020-07-17 11:56:58,425,1,6,1,63008289.0,90.06083333333333,90.06083333333333
508,2020-10-30 21:36:21,2020-10-30 21:36:21,"[(64616091, '2020-10-30 21:36:21')]",64615990,2020-10-30 21:26:32,81,1,0,0,64616091.0,0.16361111111111112,0.16361111111111112
509,2020-05-23 01:04:11,2020-05-23 01:04:11,"[(61966140, '2020-05-23 01:04:11')]",61964672,2020-05-22 22:15:44,93,1,0,0,61966140.0,2.8075,2.8075
510,2018-03-12 10:14:53,,"[(49232727, '2018-03-12 10:14:53')]",49232441,2018-03-12 10:00:17,385,1,5,0,,0.24333333333333335,
511,2019-08-30 11:34:25,,"[(57725985, '2019-08-30 11:34:25'), (57727013, '2019-08-30 12:44:54')]",57725608,2019-08-30 11:08:18,1489,2,2,2,,0.43527777777777776,
512,,,[],60020184,2020-02-01 18:57:39,1295,0,2,0,,,
513,2020-11-24 09:34:27,,"[(64983733, '2020-11-24 09:34:27')]",64980694,2020-11-24 05:25:05,39,1,3,0,,4.1561111111111115,
514,2019-06-28 17:49:44,2019-06-28 18:22:55,"[(56811636, '2019-06-28 18:22:55'), (56811276, '2019-06-28 17:49:44')]",56810480,2019-06-28 16:40:21,343,2,0,0,56811636.0,1.156388888888889,1.7094444444444445
515,,,[],63175154,2020-07-30 14:18:20,50,0,3,0,,,
516,2018-12-09 03:52:04,,"[(53689223, '2018-12-09 03:52:04')]",53689183,2018-12-09 03:42:36,99,1,0,-2,,0.15777777777777777,
517,2020-06-19 20:25:57,,"[(62478085, '2020-06-19 20:25:57'), (62478940, '2020-06-19 21:42:36')]",60840500,2020-03-24 22:47:28,123,2,0,1,,2085.6413888888887,
518,2019-02-21 02:52:36,,"[(54798505, '2019-02-21 02:52:36')]",54798422,2019-02-21 02:41:02,47,1,0,0,,0.19277777777777777,
519,2017-12-14 02:07:38,,"[(52040980, '2018-08-27 13:56:05'), (47804858, '2017-12-14 02:07:38')]",47762973,2017-12-11 23:16:00,3252,2,0,4,,50.86055555555556,
520,,,[],63930757,2020-09-17 03:19:36,43,0,0,0,,,
521,2020-06-25 05:23:41,2020-06-25 05:23:41,"[(62568403, '2020-06-25 05:23:41')]",62559389,2020-06-24 16:06:08,572,1,0,2,62568403.0,13.2925,13.2925
522,2020-05-17 02:58:04,,"[(61846421, '2020-05-17 02:58:04')]",60259836,2020-02-17 09:55:46,4049,1,2,1,,2153.0383333333334,
523,2018-09-06 05:14:25,2018-09-06 05:14:25,"[(52196927, '2018-09-06 05:14:25')]",52192599,2018-09-05 19:58:55,793,1,0,3,52196927.0,9.258333333333333,9.258333333333333
524,2019-05-13 16:06:32,2019-05-13 16:06:32,"[(56116091, '2019-05-13 16:06:32')]",56113646,2019-05-13 13:41:49,395,1,0,2,56116091.0,2.4119444444444444,2.4119444444444444
525,,,[],64278495,2020-10-09 10:46:32,56,0,3,3,,,
526,2020-08-20 17:13:06,,"[(63510082, '2020-08-20 17:13:06')]",63510021,2020-08-20 17:08:25,30,1,0,0,,0.07805555555555556,
527,2020-06-23 22:19:21,,"[(62544600, '2020-06-23 22:19:21')]",62543665,2020-06-23 21:00:38,51,1,0,1,,1.3119444444444444,
528,,,[],59711335,2020-01-13 06:10:59,30,0,0,0,,,
529,2019-02-13 19:26:59,,"[(54677958, '2019-02-13 19:26:59')]",54677683,2019-02-13 19:10:09,5892,1,0,4,,0.28055555555555556,
530,2020-05-24 13:54:55,2020-05-24 13:54:55,"[(65157527, '2020-12-05 13:41:54'), (61986965, '2020-05-24 13:54:55')]",60239051,2020-02-15 13:07:17,7353,2,2,11,61986965.0,2376.793888888889,2376.793888888889
531,,,[],63499876,2020-08-20 07:01:50,36,0,0,0,,,
532,2019-08-27 09:40:30,,"[(57671814, '2019-08-27 09:40:30')]",57664289,2019-08-26 20:04:21,582,1,0,0,,13.6025,
533,2020-03-11 05:16:04,2020-03-26 03:02:29,"[(60629638, '2020-03-11 05:16:04'), (60860420, '2020-03-26 03:02:29')]",60627275,2020-03-10 23:26:43,131,2,0,0,60860420.0,5.8225,363.5961111111111
534,2019-01-15 11:05:15,2019-01-15 11:05:15,"[(54197623, '2019-01-15 11:05:15')]",54188885,2019-01-14 20:43:06,4894,1,1,0,54197623.0,14.369166666666667,14.369166666666667
535,2018-09-09 08:06:45,,"[(61928820, '2020-05-21 06:47:12'), (52242545, '2018-09-09 08:06:45')]",52241680,2018-09-09 05:41:54,8141,2,0,8,,2.4141666666666666,
536,2018-02-28 18:33:36,,"[(49036312, '2018-02-28 18:33:36')]",48715030,2018-02-09 22:27:40,318,1,0,0,,452.0988888888889,
537,,,[],64368193,2020-10-15 09:02:14,81,0,2,0,,,
538,2019-08-30 09:34:47,,"[(57724159, '2019-08-30 09:34:47')]",57718447,2019-08-29 22:34:58,364,1,0,2,,10.996944444444445,
539,2020-07-17 05:16:14,,"[(62996580, '2020-07-20 13:34:28'), (62947504, '2020-07-17 05:16:14')]",62912925,2020-07-15 10:33:01,155,2,0,0,,42.72027777777778,
540,2019-02-22 13:01:37,,"[(54827777, '2019-02-22 13:01:37')]",54721106,2019-02-16 08:06:38,1154,1,0,3,,148.9163888888889,
541,,,[],61862614,2020-05-18 04:45:51,12,0,0,1,,,
542,2017-11-06 21:56:03,2017-11-06 21:56:03,"[(47146517, '2017-11-06 21:56:03')]",47145683,2017-11-06 20:59:12,117,1,0,0,47146517.0,0.9475,0.9475
543,,,[],59497766,2019-12-27 08:06:06,208,0,0,1,,,
544,2020-08-21 09:41:58,,"[(63520389, '2020-08-21 09:41:58')]",63520236,2020-08-21 09:31:09,19,1,0,0,,0.1802777777777778,
545,,,[],62968557,2020-07-18 12:26:33,112,0,1,0,,,
546,2020-11-11 23:49:01,,"[(64795867, '2020-11-11 23:49:01')]",64628130,2020-11-01 02:18:54,130,1,0,0,,261.50194444444446,
547,2018-07-20 19:32:41,2018-07-20 19:32:41,"[(51449277, '2018-07-20 19:32:41'), (53402609, '2018-11-20 22:35:12')]",51448897,2018-07-20 19:03:21,4026,2,0,2,51449277.0,0.4888888888888889,0.4888888888888889
548,2020-07-07 21:46:41,2020-07-07 21:46:41,"[(62784403, '2020-07-07 21:46:41')]",62783857,2020-07-07 21:00:14,369,1,0,0,62784403.0,0.7741666666666667,0.7741666666666667
549,2020-08-16 21:22:09,,"[(63442056, '2020-08-16 21:22:09'), (63442061, '2020-08-16 21:22:31')]",63441778,2020-08-16 20:46:49,36,2,0,0,,0.5888888888888889,
550,,,[],62588143,2020-06-26 04:39:43,27,0,1,0,,,
551,2019-07-12 10:16:40,,"[(57004953, '2019-07-12 10:16:40')]",55880253,2019-04-27 11:49:39,111,1,0,0,,1822.4502777777777,
552,2019-05-22 06:12:19,,"[(56250351, '2019-05-22 06:12:19')]",56243672,2019-05-21 17:36:08,1551,1,3,2,,12.603055555555555,
553,,,[],63166341,2020-07-30 04:46:20,159,0,1,0,,,
554,2018-11-07 12:54:55,2018-11-07 12:54:55,"[(53189865, '2018-11-07 12:54:55')]",53186736,2018-11-07 09:34:47,5719,1,0,7,53189865.0,3.3355555555555556,3.3355555555555556
555,2020-02-27 19:29:05,2020-02-27 19:29:05,"[(60440460, '2020-02-27 19:29:05')]",60440292,2020-02-27 19:17:19,8526,1,0,3,60440460.0,0.19611111111111112,0.19611111111111112
556,,,[],63520401,2020-08-21 09:43:02,35,0,0,1,,,
557,2019-04-09 16:18:15,,"[(55644573, '2019-04-12 04:37:09'), (55597184, '2019-04-09 16:18:15'), (55597733, '2019-04-09 16:54:20')]",55596375,2019-04-09 15:30:30,1361,3,0,0,,0.7958333333333333,
558,2019-01-09 20:52:52,,"[(54118185, '2019-01-09 20:52:52')]",54117962,2019-01-09 20:37:32,1618,1,0,2,,0.25555555555555554,
559,2018-05-11 09:35:45,,"[(50296975, '2018-05-11 16:57:34'), (50289346, '2018-05-11 09:35:45')]",50185227,2018-05-05 02:48:40,1472,2,6,2,,150.78472222222223,
560,,,[],44770638,2017-06-27 00:33:13,590,0,5,2,,,
561,,,[],60350060,2020-02-22 07:36:52,363,0,0,1,,,
562,,,[],61974658,2020-05-23 15:50:01,215,0,2,1,,,
563,2020-09-01 09:29:22,2020-09-01 09:29:22,"[(63684995, '2020-09-01 09:29:22'), (63726857, '2020-09-03 15:26:38')]",63610626,2020-08-27 06:52:23,344,2,6,2,63684995.0,122.61638888888889,122.61638888888889
564,2018-09-22 14:57:18,2018-09-22 14:57:18,"[(52457885, '2018-09-22 14:57:18')]",52455658,2018-09-22 10:13:56,123,1,1,0,52457885.0,4.722777777777778,4.722777777777778
565,2019-01-09 09:51:38,,"[(54107282, '2019-01-09 09:51:38')]",54107156,2019-01-09 09:44:51,6290,1,0,2,,0.11305555555555556,
566,,,[],64004745,2020-09-22 07:13:21,76,0,2,0,,,
567,2019-06-25 01:57:06,2019-06-25 07:06:55,"[(56748549, '2019-06-25 07:06:55'), (56745860, '2019-06-25 01:57:06')]",56745486,2019-06-25 00:46:25,13449,2,0,5,56748549.0,1.1780555555555556,6.341666666666667
568,,,[],65101054,2020-12-02 01:42:34,19,0,3,0,,,
569,,,[],59171833,2019-12-04 08:31:49,264,0,4,1,,,
570,,,[],64822548,2020-11-13 14:19:29,58,0,0,0,,,
571,,,[],46257428,2017-09-16 18:58:51,856,0,4,1,,,
572,2017-11-21 11:00:43,2017-11-21 11:00:43,"[(47411454, '2017-11-21 11:00:43')]",47403634,2017-11-21 01:06:04,2868,1,2,2,47411454.0,9.910833333333333,9.910833333333333
573,2019-05-01 07:59:46,2019-05-01 07:59:46,"[(55933204, '2019-05-01 07:59:46')]",55932767,2019-05-01 07:11:57,476,1,1,0,55933204.0,0.7969444444444445,0.7969444444444445
574,,,[],63396387,2020-08-13 13:34:39,20,0,0,0,,,
575,2018-12-25 11:04:03,2018-12-25 11:04:03,"[(58479421, '2019-10-21 03:23:57'), (53936796, '2018-12-26 20:26:31'), (53921754, '2018-12-25 11:04:03'), (54035184, '2019-01-04 08:10:24'), (62889880, '2020-07-14 07:15:35')]",53916594,2018-12-24 18:13:45,10129,5,4,4,53921754.0,16.838333333333335,16.838333333333335
576,2018-06-06 08:48:30,2018-06-06 11:41:44,"[(50719554, '2018-06-06 11:41:44'), (50716024, '2018-06-06 08:48:30')]",50701690,2018-06-05 13:44:54,1322,2,0,0,50719554.0,19.06,21.947222222222223
577,2019-12-27 19:00:37,2019-12-27 19:00:37,"[(59504982, '2019-12-27 19:00:37')]",59493606,2019-12-26 21:24:26,1489,1,0,5,59504982.0,21.603055555555557,21.603055555555557
578,2020-11-12 01:34:00,,"[(64831731, '2020-11-14 07:17:42'), (64796657, '2020-11-12 01:34:00')]",64796538,2020-11-12 01:17:28,31,2,0,0,,0.27555555555555555,
579,2018-09-05 07:20:12,2018-09-05 07:20:12,"[(52179296, '2018-09-05 07:20:12')]",52178922,2018-09-05 06:57:50,4441,1,0,1,52179296.0,0.37277777777777776,0.37277777777777776
580,,,[],52789474,2018-10-13 04:16:00,1439,0,1,0,,,
581,2020-01-11 20:12:08,2020-01-11 20:12:08,"[(62979186, '2020-07-19 10:40:47'), (59698262, '2020-01-11 20:12:08'), (59698297, '2020-01-11 20:15:51')]",59563220,2020-01-02 12:18:01,4669,3,18,1,59698262.0,223.90194444444444,223.90194444444444
582,2019-09-15 11:41:11,,"[(57943752, '2019-09-15 11:41:11')]",57943032,2019-09-15 10:02:07,641,1,1,0,,1.6511111111111112,
583,2017-06-07 08:03:00,,"[(44406900, '2017-06-07 08:03:00')]",44403886,2017-06-07 05:02:37,901,1,0,1,,3.006388888888889,
584,2020-10-01 09:07:12,2020-10-01 09:07:12,"[(64152218, '2020-10-01 09:07:12')]",64152094,2020-10-01 08:59:08,95,1,0,2,64152218.0,0.13444444444444445,0.13444444444444445
585,,,[],47897666,2017-12-20 01:43:08,418,0,0,1,,,
586,2018-06-22 01:42:05,,"[(50979533, '2018-06-22 01:42:05'), (63184900, '2020-07-31 02:23:27')]",50960830,2018-06-21 05:15:37,9974,2,4,5,,20.441111111111113,
587,,,[],52524117,2018-09-26 18:32:52,290,0,2,0,,,
588,2020-06-16 16:07:55,2020-06-16 16:07:55,"[(62412855, '2020-06-16 16:07:55')]",62412155,2020-06-16 15:31:16,245,1,0,0,62412855.0,0.6108333333333333,0.6108333333333333
589,2018-02-21 10:05:26,2018-02-21 10:05:26,"[(48903086, '2018-02-21 10:05:26')]",48895910,2018-02-20 23:33:18,2472,1,0,0,48903086.0,10.535555555555556,10.535555555555556
590,,,[],59139073,2019-12-02 12:37:38,32,0,4,0,,,
591,,,[],61522539,2020-04-30 11:40:17,229,0,0,1,,,
592,2020-05-25 00:02:21,,"[(61993911, '2020-05-25 00:02:21')]",61847448,2020-05-17 05:36:06,459,1,0,3,,186.4375,
593,2017-08-14 12:26:26,2017-08-14 12:26:26,"[(45790593, '2017-08-21 06:31:59'), (45674533, '2017-08-14 12:26:26'), (46688973, '2017-10-11 13:04:28')]",45673949,2017-08-14 11:53:09,2777,3,5,1,45674533.0,0.5547222222222222,0.5547222222222222
594,2018-01-12 02:07:12,,"[(48218569, '2018-01-12 02:07:12')]",43585263,2017-04-24 10:07:01,1226,1,2,0,,6304.003055555556,
595,2020-11-01 23:27:08,2020-11-01 23:27:08,"[(64638044, '2020-11-01 23:27:08')]",64635630,2020-11-01 18:45:34,242,1,0,1,64638044.0,4.692777777777778,4.692777777777778
596,,,[],60379513,2020-02-24 15:50:37,47,0,1,0,,,
597,,,[],60891340,2020-03-27 17:41:08,383,0,1,2,,,
598,2020-01-07 19:59:27,2020-01-08 10:20:36,"[(59635293, '2020-01-07 19:59:27'), (59643754, '2020-01-08 10:20:36')]",59635097,2020-01-07 19:43:12,154,2,0,0,59643754.0,0.2708333333333333,14.623333333333333
599,,,[],63585477,2020-08-25 19:00:12,44,0,0,1,,,
600,2020-06-28 16:11:38,2020-06-28 18:14:58,"[(62625106, '2020-06-28 16:11:38'), (62626493, '2020-06-28 18:14:58')]",62624804,2020-06-28 15:47:00,601,2,0,0,62626493.0,0.41055555555555556,2.466111111111111
601,,,[],53641292,2018-12-05 21:51:17,258,0,2,1,,,
602,2020-07-01 13:39:07,2020-07-01 13:39:07,"[(62678174, '2020-07-01 13:39:07')]",62673238,2020-07-01 08:56:32,344,1,0,0,62678174.0,4.709722222222222,4.709722222222222
603,2020-11-10 08:11:32,,"[(64765071, '2020-11-10 08:11:32')]",56085657,2019-05-10 22:42:16,816,1,0,1,,13185.487777777778,
604,2020-03-22 11:54:13,,"[(60798991, '2020-03-22 11:54:13')]",60798712,2020-03-22 11:24:40,91,1,10,0,,0.4925,
605,2020-02-05 19:58:41,,"[(60083229, '2020-02-05 19:58:41')]",59208990,2019-12-06 07:50:07,79,1,0,1,,1476.1427777777778,
606,2020-06-07 14:33:22,2020-06-07 14:33:22,"[(62246882, '2020-06-07 14:33:22')]",62246656,2020-06-07 14:17:34,292,1,0,0,62246882.0,0.2633333333333333,0.2633333333333333
607,2019-10-29 17:52:40,2019-10-29 17:52:40,"[(58612961, '2019-10-29 17:52:40')]",58612453,2019-10-29 17:17:33,1713,1,1,1,58612961.0,0.5852777777777778,0.5852777777777778
608,,,[],64627432,2020-10-31 23:43:42,17,0,0,0,,,
609,2019-02-13 12:40:50,,"[(62183730, '2020-06-03 22:25:24'), (54670454, '2019-02-13 12:40:50'), (58861719, '2019-11-14 16:40:16')]",53300965,2018-11-14 13:07:16,1412,3,2,5,,2183.5594444444446,
610,,,[],59866818,2020-01-22 19:17:21,118,0,0,0,,,
611,2020-07-24 14:58:28,2020-07-24 14:58:28,"[(63076200, '2020-07-24 14:58:28')]",63075914,2020-07-24 14:41:34,68,1,3,0,63076200.0,0.2816666666666667,0.2816666666666667
612,2018-05-21 20:24:18,2018-05-21 20:24:18,"[(50456126, '2018-05-21 20:24:18')]",50454645,2018-05-21 18:28:11,263,1,0,0,50456126.0,1.9352777777777779,1.9352777777777779
613,2017-09-29 10:29:40,2017-09-29 10:29:40,"[(46486927, '2017-09-29 10:29:40')]",46482787,2017-09-29 06:15:50,3662,1,0,1,46486927.0,4.230555555555555,4.230555555555555
614,2019-09-20 12:20:34,,"[(58028286, '2019-09-20 12:20:34')]",54794302,2019-02-20 19:55:55,1260,1,2,1,,5080.410833333333,
615,2020-07-17 08:11:07,2020-07-17 08:11:07,"[(62949797, '2020-07-17 08:11:07')]",62922324,2020-07-15 19:19:26,87,1,0,2,62949797.0,36.86138888888889,36.86138888888889
616,,,[],63692611,2020-09-01 17:25:13,43,0,0,1,,,
617,2020-11-19 08:15:51,,"[(64907762, '2020-11-19 08:15:51')]",60475895,2020-03-01 14:02:10,279,1,0,0,,6306.228055555555,
618,2019-12-25 13:12:18,,"[(59478734, '2019-12-25 13:12:18')]",56590886,2019-06-14 03:05:07,2564,1,3,8,,4666.119722222223,
619,,,[],51741046,2018-08-08 07:37:30,1529,0,2,0,,,
620,2020-07-31 17:44:32,,"[(63196665, '2020-07-31 17:44:32')]",61520938,2020-04-30 10:09:37,54,1,0,0,,2215.5819444444446,
621,,,[],57013705,2019-07-12 20:32:21,1102,0,12,2,,,
622,2020-01-28 08:39:15,,"[(59944875, '2020-01-28 08:39:15')]",59940854,2020-01-28 00:41:38,610,1,0,0,,7.960277777777778,
623,2019-12-29 09:01:56,2019-12-29 09:01:56,"[(59518059, '2019-12-29 09:01:56')]",59510603,2019-12-28 11:48:02,1894,1,1,1,59518059.0,21.231666666666666,21.231666666666666
624,,,[],54303890,2019-01-22 08:15:22,2005,0,1,0,,,
625,,,[],63332638,2020-08-10 00:24:19,44,0,2,0,,,
626,2019-09-07 09:37:46,2019-09-07 09:37:46,"[(57832453, '2019-09-07 09:37:46')]",57832423,2019-09-07 09:33:13,2848,1,8,2,57832453.0,0.07583333333333334,0.07583333333333334
627,2020-10-16 02:39:09,,"[(64382166, '2020-10-16 02:39:09')]",64381906,2020-10-16 01:55:36,122,1,4,0,,0.7258333333333333,
628,2019-01-29 07:09:33,2019-01-29 07:09:33,"[(61631860, '2020-05-06 09:33:30'), (64541903, '2020-10-26 17:16:14'), (54415604, '2019-01-29 07:09:33'), (57296594, '2019-07-31 18:02:58')]",53421999,2018-11-21 23:44:12,3216,4,0,4,54415604.0,1639.4225,1639.4225
629,2019-10-11 11:26:59,2019-10-14 13:47:16,"[(58378181, '2019-10-14 13:47:16'), (58340308, '2019-10-11 11:26:59')]",58339835,2019-10-11 11:00:23,191,2,0,0,58378181.0,0.44333333333333336,74.78138888888888
630,2019-08-16 16:32:26,,"[(57528181, '2019-08-16 16:32:26')]",57517740,2019-08-16 00:50:27,1814,1,5,1,,15.699722222222222,
631,,,[],58478316,2019-10-21 00:05:13,764,0,2,0,,,
632,2018-01-31 15:34:56,2018-01-31 15:34:56,"[(48545859, '2018-01-31 15:34:56')]",48527722,2018-01-30 17:58:28,183,1,1,0,48545859.0,21.607777777777777,21.607777777777777
633,2019-12-07 03:34:54,2019-12-07 03:34:54,"[(59222759, '2019-12-07 03:34:54')]",59218671,2019-12-06 18:43:41,2966,1,0,4,59222759.0,8.85361111111111,8.85361111111111
634,2018-03-10 13:30:24,2018-03-10 13:30:24,"[(49209628, '2018-03-10 13:30:24')]",49206550,2018-03-10 07:36:40,14246,1,0,12,49209628.0,5.895555555555555,5.895555555555555
635,2018-11-29 18:49:03,2018-11-29 18:49:03,"[(53545699, '2018-11-29 18:49:03')]",53544901,2018-11-29 17:51:51,4867,1,0,6,53545699.0,0.9533333333333334,0.9533333333333334
636,,,[],64778852,2020-11-11 00:38:46,15,0,0,0,,,
637,2018-05-17 21:19:48,,"[(50400670, '2018-05-17 21:19:48')]",50399055,2018-05-17 19:18:46,7203,1,0,5,,2.0172222222222222,
638,,,[],59632255,2020-01-07 16:21:53,917,0,3,0,,,
639,2019-08-18 04:50:16,2019-08-18 04:50:16,"[(57541732, '2019-08-18 04:50:16'), (57546129, '2019-08-18 15:48:22')]",57541091,2019-08-18 01:44:20,694,2,0,1,57541732.0,3.098888888888889,3.098888888888889
640,,,[],64542924,2020-10-26 18:26:18,31,0,3,0,,,
641,2017-04-26 16:49:59,,"[(43640174, '2017-04-26 16:49:59')]",43556339,2017-04-22 07:06:45,1110,1,2,1,,105.72055555555555,
642,2020-07-15 10:08:52,,"[(62912503, '2020-07-15 10:08:52')]",62911946,2020-07-15 09:38:06,70,1,0,-1,,0.5127777777777778,
643,2018-11-15 17:39:59,,"[(53325110, '2018-11-15 17:39:59'), (55532605, '2019-04-05 09:47:01'), (58383294, '2019-10-14 19:56:48')]",53268442,2018-11-12 18:58:23,7231,3,0,2,,70.69333333333333,
644,2020-08-28 14:21:29,,"[(63635658, '2020-08-28 14:21:29')]",63630933,2020-08-28 09:18:50,109,1,2,1,,5.0441666666666665,
645,2020-02-06 14:30:46,2020-02-06 14:30:46,"[(60097284, '2020-02-06 14:30:46')]",60022388,2020-02-02 00:47:51,6091,1,10,6,60097284.0,109.71527777777777,109.71527777777777
646,,,[],63322801,2020-08-09 05:28:07,45,0,1,0,,,
647,2020-02-17 16:26:56,2020-02-17 16:26:56,"[(60266651, '2020-02-17 16:26:56')]",60266256,2020-02-17 16:04:13,346,1,2,0,60266651.0,0.3786111111111111,0.3786111111111111
648,,,[],63966513,2020-09-19 07:52:46,57,0,0,0,,,
649,2020-02-02 19:27:51,,"[(60029754, '2020-02-02 19:27:51')]",60029369,2020-02-02 18:43:10,47,1,0,-1,,0.7447222222222222,
650,2020-11-11 02:49:26,,"[(64779761, '2020-11-11 02:49:26')]",64777195,2020-11-10 21:43:20,28,1,0,0,,5.101666666666667,
651,2020-10-14 04:01:46,2020-10-14 04:01:46,"[(64346416, '2020-10-14 04:01:46')]",64346112,2020-10-14 03:16:36,146,1,1,0,64346416.0,0.7527777777777778,0.7527777777777778
652,2020-04-06 03:47:48,,"[(61052654, '2020-04-06 03:47:48')]",61052513,2020-04-06 03:26:14,52,1,0,0,,0.35944444444444446,
653,2020-07-03 00:07:29,,"[(62706694, '2020-07-03 00:07:29'), (62706782, '2020-07-03 00:22:47')]",62706674,2020-07-03 00:02:25,162,2,14,1,,0.08444444444444445,
654,2018-04-06 02:59:32,2018-08-07 10:45:27,"[(51724880, '2018-08-07 10:45:27'), (49684592, '2018-04-06 02:59:32')]",49675499,2018-04-05 14:56:57,2453,2,3,1,51724880.0,12.043055555555556,2971.8083333333334
655,2019-11-23 22:19:04,,"[(59012798, '2019-11-23 22:19:04')]",58996451,2019-11-22 14:37:08,389,1,0,4,,31.698888888888888,
656,,,[],44630395,2017-06-19 12:18:47,639,0,3,3,,,
657,2020-08-23 03:04:23,,"[(63542997, '2020-08-23 03:04:23')]",62081155,2020-05-29 07:51:18,2342,1,4,0,,2059.2180555555556,
658,2020-08-16 09:38:38,,"[(64631355, '2020-11-01 11:28:27'), (63435328, '2020-08-16 09:38:38')]",63435050,2020-08-16 09:07:48,202,2,0,0,,0.5138888888888888,
659,,,[],63572304,2020-08-25 04:59:16,353,0,4,2,,,
660,,,[],63274505,2020-08-05 22:42:35,43,0,0,2,,,
661,2020-10-19 09:47:48,2020-10-19 09:47:48,"[(64424911, '2020-10-19 09:47:48'), (64483232, '2020-10-22 13:23:57')]",64420059,2020-10-19 01:38:47,138,2,1,0,64424911.0,8.150277777777777,8.150277777777777
662,2019-01-06 03:00:16,2019-01-06 03:00:16,"[(54058284, '2019-01-06 03:00:16')]",54058256,2019-01-06 02:52:51,5995,1,0,3,54058284.0,0.12361111111111112,0.12361111111111112
663,,,[],61598164,2020-05-04 17:30:38,38,0,1,0,,,
664,,,[],53088825,2018-10-31 17:14:46,1299,0,5,2,,,
665,,,[],63919315,2020-09-16 11:42:05,55,0,0,0,,,
666,,,[],56490431,2019-06-07 08:11:55,165,0,4,0,,,
667,2018-11-08 05:30:54,2018-11-08 05:30:54,"[(53202025, '2018-11-08 05:30:54')]",53201921,2018-11-08 05:15:54,1456,1,0,0,53202025.0,0.25,0.25
668,2019-09-01 04:13:37,2019-09-08 16:22:35,"[(57843685, '2019-09-08 16:22:35'), (57743142, '2019-09-01 04:13:37')]",57631705,2019-08-23 19:00:20,5553,2,8,5,57843685.0,201.2213888888889,381.37083333333334
669,2019-07-31 13:46:56,2019-07-31 13:46:56,"[(57292324, '2019-07-31 13:46:56'), (57315014, '2019-08-01 18:28:21')]",57291307,2019-07-31 12:58:27,460,2,3,2,57292324.0,0.8080555555555555,0.8080555555555555
670,2019-06-21 11:49:51,2019-06-21 11:49:51,"[(56702891, '2019-06-21 11:49:51')]",56702413,2019-06-21 11:18:24,1294,1,0,1,56702891.0,0.5241666666666667,0.5241666666666667
671,2020-05-21 05:21:17,2020-05-21 05:21:17,"[(61927794, '2020-05-21 05:21:17')]",58194148,2019-10-02 01:28:05,368,1,2,0,61927794.0,5571.886666666666,5571.886666666666
672,2018-05-06 06:17:42,2018-05-06 06:17:42,"[(50196786, '2018-05-06 06:17:42')]",50196608,2018-05-06 05:43:29,224,1,4,0,50196786.0,0.5702777777777778,0.5702777777777778
673,2020-07-01 11:39:26,,"[(62676006, '2020-07-01 11:39:26')]",62675972,2020-07-01 11:36:55,307,1,1,0,,0.041944444444444444,
674,,,[],50845631,2018-06-13 20:20:29,536,0,2,0,,,
675,2018-09-29 21:30:50,2018-09-29 21:30:50,"[(52572725, '2018-09-29 21:30:50'), (52603984, '2018-10-02 07:45:13')]",52570007,2018-09-29 15:48:31,1045,2,0,2,52572725.0,5.705277777777778,5.705277777777778
676,2019-08-05 15:55:31,2019-08-05 15:55:31,"[(57362125, '2019-08-05 15:55:31')]",57277214,2019-07-30 17:37:27,588,1,0,3,57362125.0,142.3011111111111,142.3011111111111
677,2018-10-24 00:10:46,,"[(52959394, '2018-10-24 00:10:46')]",47645423,2017-12-05 03:06:04,1848,1,0,2,,7749.078333333333,
678,2020-06-03 14:51:04,2020-06-03 14:51:04,"[(62175881, '2020-06-03 14:51:04')]",61756222,2020-05-12 15:57:45,1339,1,4,2,62175881.0,526.8886111111111,526.8886111111111
679,,,[],60996754,2020-04-02 16:46:13,74,0,1,0,,,
680,2019-12-05 22:25:15,,"[(59204167, '2019-12-05 22:25:15')]",59178619,2019-12-04 14:43:58,215,1,0,0,,31.688055555555554,
681,2019-10-14 11:23:43,,"[(58375754, '2019-10-14 11:23:43')]",58339302,2019-10-11 10:27:30,427,1,3,0,,72.93694444444445,
682,2019-02-23 08:18:05,2019-02-23 08:18:05,"[(54839600, '2019-02-23 08:18:05')]",54839446,2019-02-23 07:55:05,70,1,0,0,54839600.0,0.38333333333333336,0.38333333333333336
683,2019-08-26 09:47:57,,"[(57655494, '2019-08-26 09:47:57')]",57642161,2019-08-24 23:23:09,508,1,0,1,,34.413333333333334,
684,2017-03-28 22:04:07,2017-03-28 22:04:07,"[(61304189, '2020-04-19 12:18:16'), (43080779, '2017-03-28 22:04:07'), (52832219, '2018-10-16 09:27:43')]",43080583,2017-03-28 21:50:44,10999,3,5,12,43080779.0,0.22305555555555556,0.22305555555555556
685,2020-09-09 07:50:53,,"[(63807047, '2020-09-09 07:50:53')]",63793013,2020-09-08 11:33:54,173,1,0,2,,20.283055555555556,
686,2019-10-22 05:10:52,2019-10-22 05:10:52,"[(58497441, '2019-10-22 05:10:52')]",58496858,2019-10-22 03:53:50,15064,1,0,9,58497441.0,1.2838888888888889,1.2838888888888889
687,2019-10-03 09:25:39,2019-10-03 09:25:39,"[(58216123, '2019-10-03 09:25:39'), (58217047, '2019-10-03 10:19:04')]",58215056,2019-10-03 08:20:29,5465,2,0,4,58216123.0,1.086111111111111,1.086111111111111
688,2020-04-16 16:30:43,2020-04-16 16:30:43,"[(61255273, '2020-04-16 16:30:43')]",61238514,2020-04-15 20:59:52,209,1,0,0,61255273.0,19.514166666666668,19.514166666666668
689,2020-08-26 11:04:36,,"[(63596260, '2020-08-26 11:04:36')]",63591609,2020-08-26 06:21:20,183,1,2,2,,4.721111111111111,
690,,,[],63846816,2020-09-11 12:08:23,2259,0,2,2,,,
691,,,[],48273372,2018-01-16 02:45:23,958,0,14,0,,,
692,2020-02-19 02:38:34,2020-02-19 02:38:34,"[(60292206, '2020-02-19 02:38:34')]",60202610,2020-02-13 07:33:37,412,1,0,1,60292206.0,139.0825,139.0825
693,2019-05-23 11:53:54,,"[(56274676, '2019-05-23 11:53:54')]",56269922,2019-05-23 07:15:59,416,1,2,2,,4.631944444444445,
694,,,[],55932985,2019-05-01 07:34:15,260,0,1,1,,,
695,2020-01-04 19:38:35,2020-01-04 20:19:55,"[(59594500, '2020-01-04 20:19:55'), (59594190, '2020-01-04 19:38:35')]",59593807,2020-01-04 18:49:34,1687,2,0,0,59594500.0,0.8169444444444445,1.5058333333333334
696,2018-07-09 11:36:56,,"[(51244655, '2018-07-09 11:36:56'), (51251337, '2018-07-09 17:48:15')]",51243969,2018-07-09 10:58:39,1128,2,0,0,,0.6380555555555556,
697,2018-12-08 13:21:41,,"[(53682939, '2018-12-08 13:21:41')]",53682045,2018-12-08 11:25:35,455,1,1,0,,1.935,
698,2020-07-30 01:59:45,2020-07-30 01:59:45,"[(63165038, '2020-07-30 01:59:45')]",63164627,2020-07-30 01:00:45,126,1,1,1,63165038.0,0.9833333333333333,0.9833333333333333
699,,,[],59211395,2019-12-06 10:32:01,357,0,4,0,,,
700,2020-08-27 06:07:12,2020-08-27 06:07:12,"[(63610104, '2020-08-27 06:07:12')]",63566232,2020-08-24 17:53:17,893,1,8,0,63610104.0,60.231944444444444,60.231944444444444
701,2019-01-05 21:51:06,2019-01-05 21:51:06,"[(54056603, '2019-01-05 21:51:06')]",54053256,2019-01-05 15:06:56,917,1,0,1,54056603.0,6.736111111111111,6.736111111111111
702,2020-12-02 07:19:09,2020-12-02 07:19:09,"[(65103755, '2020-12-02 07:19:09')]",65096679,2020-12-01 18:47:50,22,1,0,1,65103755.0,12.521944444444445,12.521944444444445
703,2019-08-31 16:19:39,,"[(57739728, '2019-08-31 16:19:39')]",57736416,2019-08-31 08:30:13,210,1,0,1,,7.823888888888889,
704,,,[],65144346,2020-12-04 13:22:15,40,0,1,5,,,
705,2018-08-04 00:17:16,,"[(51709391, '2018-08-06 13:58:33'), (51681420, '2018-08-04 00:17:16')]",51681243,2018-08-03 23:43:08,4534,2,2,5,,0.5688888888888889,
706,2018-05-16 18:27:59,2018-05-16 18:27:59,"[(50377767, '2018-05-16 18:27:59')]",50368390,2018-05-16 10:25:17,634,1,1,1,50377767.0,8.045,8.045
707,,,[],59411700,2019-12-19 14:25:54,416,0,1,0,,,
708,2020-05-17 03:30:58,,"[(61846612, '2020-05-17 03:30:58')]",61845974,2020-05-17 01:51:36,438,1,0,0,,1.656111111111111,
709,2020-03-20 09:43:21,2020-03-20 09:43:21,"[(60771714, '2020-03-20 09:43:21')]",60771047,2020-03-20 08:52:35,63,1,0,3,60771714.0,0.8461111111111111,0.8461111111111111
710,2019-12-18 17:39:37,2019-12-18 17:39:37,"[(59397454, '2019-12-18 17:39:37')]",59378742,2019-12-17 16:52:02,152,1,0,0,59397454.0,24.793055555555554,24.793055555555554
711,,,[],63273419,2020-08-05 21:00:21,100,0,0,0,,,
712,2018-03-13 10:27:35,2018-03-16 08:30:40,"[(49253755, '2018-03-13 10:27:35'), (49316176, '2018-03-16 08:30:40'), (60593633, '2020-03-09 01:20:09')]",49161652,2018-03-07 21:39:08,3693,3,0,7,49316176.0,132.8075,202.85888888888888
